-- phpMyAdmin SQL Dump
-- version 5.2.1
-- https://www.phpmyadmin.net/
--
-- Host: 127.0.0.1
-- Generation Time: Jul 10, 2023 at 04:35 PM
-- Server version: 10.4.28-MariaDB
-- PHP Version: 8.0.28

SET SQL_MODE = "NO_AUTO_VALUE_ON_ZERO";
START TRANSACTION;
SET time_zone = "+00:00";


/*!40101 SET @OLD_CHARACTER_SET_CLIENT=@@CHARACTER_SET_CLIENT */;
/*!40101 SET @OLD_CHARACTER_SET_RESULTS=@@CHARACTER_SET_RESULTS */;
/*!40101 SET @OLD_COLLATION_CONNECTION=@@COLLATION_CONNECTION */;
/*!40101 SET NAMES utf8mb4 */;

--
-- Database: `backendtest`
--

-- --------------------------------------------------------

--
-- Table structure for table `booking`
--

CREATE TABLE `booking` (
  `id` int(11) NOT NULL,
  `user_id` int(11) NOT NULL,
  `booking_id` int(11) NOT NULL,
  `start_date` datetime NOT NULL,
  `end_date` datetime NOT NULL,
  `price` int(11) DEFAULT NULL,
  `status` varchar(255) DEFAULT NULL,
  `cancel_reason` varchar(255) DEFAULT NULL,
  `address` varchar(255) DEFAULT NULL,
  `note` varchar(255) DEFAULT NULL,
  `createdAt` datetime NOT NULL,
  `updatedAt` datetime NOT NULL
) ENGINE=InnoDB DEFAULT CHARSET=utf8mb4 COLLATE=utf8mb4_general_ci;

--
-- Dumping data for table `booking`
--

INSERT INTO `booking` (`id`, `user_id`, `booking_id`, `start_date`, `end_date`, `price`, `status`, `cancel_reason`, `address`, `note`, `createdAt`, `updatedAt`) VALUES
(1, 0, 0, '0000-00-00 00:00:00', '0000-00-00 00:00:00', NULL, NULL, NULL, NULL, NULL, '0000-00-00 00:00:00', '0000-00-00 00:00:00'),
(2, 101, 1, '2023-12-17 12:47:29', '2024-04-01 16:38:02', 5, 'done', NULL, 'Gleason Estate', 'Illo debitis ea officia mollitia amet vel a. Quidem reprehenderit voluptas. Molestiae at maiores quasi eligendi dolor iusto.', '2023-07-08 08:15:13', '2023-07-08 08:15:13'),
(3, 102, 1, '2024-04-12 10:33:04', '2024-01-13 10:57:48', 5, 'Refused', NULL, 'McClure Forks', 'Debitis cum corporis distinctio enim vero culpa neque in. Eius rerum dolores laboriosam dolores. Nisi id reiciendis nulla dolore placeat nobis.', '2023-07-08 08:15:13', '2023-07-10 13:47:51'),
(4, 103, 1, '2023-09-16 09:30:18', '2023-07-17 15:04:18', 5, 'rejected', NULL, 'Kaia Trafficway', 'Consequuntur aperiam dolores libero molestias laudantium eaque corporis praesentium. Fugit esse a voluptatem fuga eos iure cumque. Distinctio debitis minus cupiditate quam quisquam id.', '2023-07-08 08:15:13', '2023-07-08 08:15:13'),
(5, 104, 1, '2023-11-28 20:05:11', '2023-08-24 23:23:50', 5, 'pending', NULL, 'Christian Canyon', 'Ipsum voluptatibus nostrum repellat. Sequi unde optio iste rerum maxime eligendi nesciunt soluta quibusdam. Laboriosam facere rem modi blanditiis.', '2023-07-08 08:15:13', '2023-07-08 08:15:13'),
(6, 105, 1, '2023-12-29 01:32:25', '2024-02-29 06:34:37', 5, 'refused', NULL, 'Joany Lights', 'Quasi nam aut voluptate rerum. Debitis similique veritatis repudiandae numquam facilis similique illo doloribus explicabo. Eum culpa odio accusamus laboriosam reprehenderit error labore unde.', '2023-07-08 08:15:13', '2023-07-08 08:15:13'),
(7, 106, 1, '2024-01-12 07:11:02', '2023-08-04 17:46:47', 5, 'accepted', NULL, 'Glover Unions', 'Minima nihil a voluptate molestias quas illum quas similique numquam. In numquam ea suscipit eos occaecati autem necessitatibus. Unde facilis eius earum minima nobis ullam consequatur facere.', '2023-07-08 08:15:13', '2023-07-09 07:26:37'),
(8, 107, 1, '2023-09-03 14:17:41', '2023-11-07 15:32:18', 5, 'Canceled', 'maid ngui', 'Rahul Pines', 'Sapiente illo suscipit quaerat numquam. Facilis ex necessitatibus ducimus. Ratione saepe exercitationem enim recusandae.', '2023-07-08 08:15:13', '2023-07-10 13:47:42'),
(9, 108, 1, '2024-01-23 05:40:02', '2024-04-04 11:51:51', 5, 'rejected', NULL, 'Trantow Corners', 'Sapiente provident iure. Perferendis blanditiis officiis. Minus veritatis eaque maiores non ad temporibus occaecati dolor nisi.', '2023-07-08 08:15:13', '2023-07-08 08:15:13'),
(10, 109, 1, '2024-06-21 07:14:50', '2023-12-25 02:17:13', 5, 'Refused', NULL, 'Hallie Plaza', 'Ad tempore nam excepturi earum inventore unde amet incidunt. Distinctio excepturi minima iste itaque ipsa impedit repudiandae. Odio incidunt debitis eveniet magnam occaecati voluptas.', '2023-07-08 08:15:13', '2023-07-10 13:47:53'),
(11, 110, 1, '2023-08-31 11:13:50', '2023-10-11 05:42:54', 5, 'rejected', NULL, 'Hintz Corners', 'Rem sed perspiciatis. Magni quod velit odit temporibus facilis quo facere repellat. Dignissimos atque similique eius earum quas perferendis.', '2023-07-08 08:15:13', '2023-07-08 08:15:13'),
(12, 111, 1, '2023-12-29 10:18:13', '2024-01-23 04:16:30', 5, 'refused', NULL, 'Rene Expressway', 'Illo quia quidem officia veritatis vitae nisi consequatur quaerat laboriosam. Assumenda labore iure aliquid. Mollitia blanditiis laboriosam illum suscipit velit quia eveniet possimus.', '2023-07-08 08:15:13', '2023-07-08 08:15:13'),
(13, 112, 1, '2023-11-02 06:10:14', '2023-08-05 00:00:09', 5, 'rejected', NULL, 'Eleanore Garden', 'Iusto suscipit enim nemo molestias harum eos consectetur. Expedita asperiores atque mollitia dolorem. Suscipit asperiores tempore dicta consequuntur.', '2023-07-08 08:15:13', '2023-07-08 08:15:13'),
(14, 113, 1, '2024-01-06 15:46:51', '2024-05-02 03:13:44', 5, 'rejected', NULL, 'Bradtke Highway', 'Delectus maxime nam in. Facilis quasi odio eum facere dolorum. Laudantium molestias pariatur voluptatem.', '2023-07-08 08:15:13', '2023-07-08 08:15:13'),
(17, 116, 1, '2024-05-09 07:42:21', '2024-03-19 22:39:27', 5, 'refused', NULL, 'Lyla Cape', 'Delectus dolores maiores dolorum aspernatur sint. Maxime maxime veritatis nisi illum tenetur ratione. Consectetur vitae assumenda nesciunt nulla.', '2023-07-08 08:15:13', '2023-07-08 08:15:13'),
(18, 117, 1, '2023-10-21 01:54:00', '2023-09-29 09:13:14', 5, 'refused', NULL, 'Grant Club', 'Corporis dolore qui voluptate consequatur dolorum architecto exercitationem ipsam doloremque. Perspiciatis modi aperiam. Tenetur aliquam soluta provident qui dolor natus.', '2023-07-08 08:15:13', '2023-07-08 08:15:13'),
(19, 118, 1, '2023-09-29 14:05:38', '2023-10-12 14:16:49', 5, 'pending', NULL, 'Tyreek Throughway', 'Nisi quia aperiam voluptas veniam. Dignissimos minus accusantium. Exercitationem consequatur dolorem animi quod sed optio dolor.', '2023-07-08 08:15:13', '2023-07-08 08:15:13'),
(20, 119, 1, '2023-11-28 03:09:26', '2024-03-17 03:28:03', 5, 'rejected', NULL, 'Ziemann Glens', 'Sit nemo eligendi totam natus ipsum. Blanditiis tempore corrupti. Amet totam tenetur tempore nemo quam.', '2023-07-08 08:15:13', '2023-07-08 08:15:13'),
(21, 120, 1, '2023-12-08 15:42:14', '2024-02-27 15:34:52', 5, 'rejected', NULL, 'Kamron Gardens', 'Quod voluptatem doloremque. Impedit est nostrum dolorem vel quaerat accusantium illo nihil. Et ut quidem delectus a maxime ipsam dolore.', '2023-07-08 08:15:13', '2023-07-08 08:15:13'),
(22, 121, 1, '2024-05-22 19:55:45', '2023-07-24 05:20:14', 5, 'refused', NULL, 'Johns Ports', 'Consequuntur sequi ea in ex saepe hic quibusdam laborum. Magnam ab tempore. Ea magnam nesciunt illo mollitia a veniam.', '2023-07-08 08:15:13', '2023-07-08 08:15:13'),
(23, 122, 1, '2024-01-07 11:39:24', '2024-01-27 00:27:15', 5, 'pending', NULL, 'Natasha Canyon', 'Illo vitae quibusdam. Nemo rerum deserunt doloremque sequi sit unde quidem facere unde. Praesentium ipsam provident.', '2023-07-08 08:15:13', '2023-07-08 08:15:13'),
(25, 124, 1, '2023-11-04 18:45:10', '2023-09-22 16:19:24', 5, 'done', NULL, 'Arno Pine', 'Impedit nostrum fugiat nemo unde vitae rem et. Nemo beatae consectetur omnis repellat. Ipsum mollitia iusto non dolorem veritatis provident ullam.', '2023-07-08 08:15:13', '2023-07-08 08:15:13'),
(26, 125, 1, '2023-07-26 02:31:25', '2024-04-19 17:14:14', 5, 'rejected', NULL, 'Estell Rue', 'Ipsa repellendus nam ratione quod laudantium tempora aliquid natus adipisci. Dignissimos cupiditate occaecati error. Similique commodi ab explicabo dolores.', '2023-07-08 08:15:13', '2023-07-08 08:15:13'),
(27, 126, 1, '2023-07-27 19:44:09', '2024-04-11 05:42:18', 5, 'pending', NULL, 'Lowe Glens', 'Esse temporibus et minus. Placeat accusamus enim vitae delectus ratione sint. Id omnis impedit sed doloremque sint nobis veniam numquam dignissimos.', '2023-07-08 08:15:13', '2023-07-08 08:15:13'),
(28, 127, 1, '2023-08-27 21:09:54', '2023-09-15 21:31:45', 5, 'done', NULL, 'Boyer Forges', 'Nihil assumenda harum laboriosam ipsum tenetur vel praesentium. Enim repudiandae explicabo neque. Voluptates corrupti molestiae nam soluta vero.', '2023-07-08 08:15:13', '2023-07-08 08:15:13'),
(29, 128, 1, '2023-11-14 18:00:00', '2023-09-02 00:59:44', 5, 'rejected', NULL, 'Lubowitz Crossing', 'Accusamus libero adipisci distinctio non quas qui neque ducimus corrupti. Odio amet vero nam molestias numquam sequi dolorem. Recusandae consequatur ad asperiores tempore accusantium labore dolorum.', '2023-07-08 08:15:13', '2023-07-08 08:15:13'),
(30, 129, 1, '2024-03-02 11:45:23', '2023-10-26 07:44:12', 5, 'done', NULL, 'Nathanael Gateway', 'Placeat molestiae exercitationem earum nulla ex molestiae. Quas rerum magnam qui ipsa reiciendis ipsa molestiae. Nulla atque aliquam id illum aspernatur.', '2023-07-08 08:15:13', '2023-07-08 08:15:13'),
(31, 130, 1, '2024-04-11 19:24:16', '2023-11-29 13:56:18', 5, 'rejected', NULL, 'Nicholaus Villages', 'Laborum nemo excepturi impedit quos. Voluptas maxime asperiores autem non quaerat ad. Alias quo fuga neque exercitationem explicabo distinctio porro.', '2023-07-08 08:15:13', '2023-07-08 08:15:13'),
(32, 101, 204, '2023-03-03 20:20:00', '2023-03-03 20:20:00', 123, 'Done', NULL, 'Kim Sơn - Gia Lâm - Hà Nội', NULL, '2023-07-10 10:17:23', '2023-07-10 13:47:07'),
(33, 101, 204, '2023-07-08 20:49:00', '2023-07-08 22:00:00', 123, 'Done', NULL, 'Kim Sơn - Gia Lâm - Hà Nội', NULL, '2023-07-10 13:43:44', '2023-07-10 13:47:04');

-- --------------------------------------------------------

--
-- Table structure for table `language`
--

CREATE TABLE `language` (
  `id` int(11) NOT NULL,
  `language_name` varchar(255) DEFAULT NULL,
  `createdAt` datetime NOT NULL,
  `updatedAt` datetime NOT NULL
) ENGINE=InnoDB DEFAULT CHARSET=utf8mb4 COLLATE=utf8mb4_general_ci;

--
-- Dumping data for table `language`
--

INSERT INTO `language` (`id`, `language_name`, `createdAt`, `updatedAt`) VALUES
(1, 'English', '0000-00-00 00:00:00', '0000-00-00 00:00:00'),
(2, 'Vietnamese', '0000-00-00 00:00:00', '0000-00-00 00:00:00'),
(3, 'Chinese', '0000-00-00 00:00:00', '0000-00-00 00:00:00'),
(4, 'Japanese', '0000-00-00 00:00:00', '0000-00-00 00:00:00'),
(5, 'Korean', '0000-00-00 00:00:00', '0000-00-00 00:00:00'),
(6, 'French', '0000-00-00 00:00:00', '0000-00-00 00:00:00'),
(7, 'German', '0000-00-00 00:00:00', '0000-00-00 00:00:00'),
(8, 'Spanish', '0000-00-00 00:00:00', '0000-00-00 00:00:00');

-- --------------------------------------------------------

--
-- Table structure for table `maid_language`
--

CREATE TABLE `maid_language` (
  `id` int(11) NOT NULL,
  `MaidProfileId` int(11) NOT NULL,
  `LanguageID` int(11) NOT NULL,
  `createdAt` datetime NOT NULL,
  `updatedAt` datetime NOT NULL
) ENGINE=InnoDB DEFAULT CHARSET=utf8mb4 COLLATE=utf8mb4_general_ci;

--
-- Dumping data for table `maid_language`
--

INSERT INTO `maid_language` (`id`, `MaidProfileId`, `LanguageID`, `createdAt`, `updatedAt`) VALUES
(1, 0, 0, '0000-00-00 00:00:00', '0000-00-00 00:00:00'),
(2, 1, 4, '0000-00-00 00:00:00', '0000-00-00 00:00:00'),
(3, 2, 2, '0000-00-00 00:00:00', '0000-00-00 00:00:00'),
(4, 3, 5, '0000-00-00 00:00:00', '0000-00-00 00:00:00'),
(5, 4, 2, '0000-00-00 00:00:00', '0000-00-00 00:00:00'),
(6, 5, 4, '0000-00-00 00:00:00', '0000-00-00 00:00:00'),
(7, 6, 5, '0000-00-00 00:00:00', '0000-00-00 00:00:00'),
(8, 7, 1, '0000-00-00 00:00:00', '0000-00-00 00:00:00'),
(9, 8, 6, '0000-00-00 00:00:00', '0000-00-00 00:00:00'),
(10, 9, 3, '0000-00-00 00:00:00', '0000-00-00 00:00:00'),
(11, 10, 5, '0000-00-00 00:00:00', '0000-00-00 00:00:00'),
(12, 11, 7, '0000-00-00 00:00:00', '0000-00-00 00:00:00'),
(13, 12, 5, '0000-00-00 00:00:00', '0000-00-00 00:00:00'),
(14, 13, 4, '0000-00-00 00:00:00', '0000-00-00 00:00:00'),
(15, 14, 4, '0000-00-00 00:00:00', '0000-00-00 00:00:00'),
(16, 15, 8, '0000-00-00 00:00:00', '0000-00-00 00:00:00'),
(17, 16, 8, '0000-00-00 00:00:00', '0000-00-00 00:00:00'),
(18, 17, 7, '0000-00-00 00:00:00', '0000-00-00 00:00:00'),
(19, 18, 4, '0000-00-00 00:00:00', '0000-00-00 00:00:00'),
(20, 19, 4, '0000-00-00 00:00:00', '0000-00-00 00:00:00'),
(21, 20, 2, '0000-00-00 00:00:00', '0000-00-00 00:00:00'),
(22, 21, 1, '0000-00-00 00:00:00', '0000-00-00 00:00:00'),
(23, 22, 8, '0000-00-00 00:00:00', '0000-00-00 00:00:00'),
(24, 23, 3, '0000-00-00 00:00:00', '0000-00-00 00:00:00'),
(25, 24, 5, '0000-00-00 00:00:00', '0000-00-00 00:00:00'),
(26, 25, 6, '0000-00-00 00:00:00', '0000-00-00 00:00:00'),
(27, 26, 2, '0000-00-00 00:00:00', '0000-00-00 00:00:00'),
(28, 27, 4, '0000-00-00 00:00:00', '0000-00-00 00:00:00'),
(29, 28, 1, '0000-00-00 00:00:00', '0000-00-00 00:00:00'),
(30, 29, 7, '0000-00-00 00:00:00', '0000-00-00 00:00:00'),
(31, 30, 7, '0000-00-00 00:00:00', '0000-00-00 00:00:00'),
(32, 31, 6, '0000-00-00 00:00:00', '0000-00-00 00:00:00'),
(33, 32, 4, '0000-00-00 00:00:00', '0000-00-00 00:00:00'),
(34, 33, 5, '0000-00-00 00:00:00', '0000-00-00 00:00:00'),
(35, 34, 6, '0000-00-00 00:00:00', '0000-00-00 00:00:00'),
(36, 35, 6, '0000-00-00 00:00:00', '0000-00-00 00:00:00'),
(37, 36, 8, '0000-00-00 00:00:00', '0000-00-00 00:00:00'),
(38, 37, 4, '0000-00-00 00:00:00', '0000-00-00 00:00:00'),
(39, 38, 2, '0000-00-00 00:00:00', '0000-00-00 00:00:00'),
(40, 39, 7, '0000-00-00 00:00:00', '0000-00-00 00:00:00'),
(41, 40, 3, '0000-00-00 00:00:00', '0000-00-00 00:00:00'),
(42, 41, 8, '0000-00-00 00:00:00', '0000-00-00 00:00:00'),
(43, 42, 5, '0000-00-00 00:00:00', '0000-00-00 00:00:00'),
(44, 43, 2, '0000-00-00 00:00:00', '0000-00-00 00:00:00'),
(45, 44, 8, '0000-00-00 00:00:00', '0000-00-00 00:00:00'),
(46, 45, 7, '0000-00-00 00:00:00', '0000-00-00 00:00:00'),
(47, 46, 1, '0000-00-00 00:00:00', '0000-00-00 00:00:00'),
(48, 47, 4, '0000-00-00 00:00:00', '0000-00-00 00:00:00'),
(49, 48, 7, '0000-00-00 00:00:00', '0000-00-00 00:00:00'),
(50, 49, 8, '0000-00-00 00:00:00', '0000-00-00 00:00:00'),
(51, 50, 8, '0000-00-00 00:00:00', '0000-00-00 00:00:00'),
(52, 51, 1, '0000-00-00 00:00:00', '0000-00-00 00:00:00'),
(53, 52, 8, '0000-00-00 00:00:00', '0000-00-00 00:00:00'),
(54, 53, 2, '0000-00-00 00:00:00', '0000-00-00 00:00:00'),
(55, 54, 4, '0000-00-00 00:00:00', '0000-00-00 00:00:00'),
(56, 55, 3, '0000-00-00 00:00:00', '0000-00-00 00:00:00'),
(57, 56, 6, '0000-00-00 00:00:00', '0000-00-00 00:00:00'),
(58, 57, 6, '0000-00-00 00:00:00', '0000-00-00 00:00:00'),
(59, 58, 2, '0000-00-00 00:00:00', '0000-00-00 00:00:00'),
(60, 59, 6, '0000-00-00 00:00:00', '0000-00-00 00:00:00'),
(61, 60, 7, '0000-00-00 00:00:00', '0000-00-00 00:00:00'),
(62, 61, 1, '0000-00-00 00:00:00', '0000-00-00 00:00:00'),
(63, 62, 7, '0000-00-00 00:00:00', '0000-00-00 00:00:00'),
(64, 63, 2, '0000-00-00 00:00:00', '0000-00-00 00:00:00'),
(65, 64, 2, '0000-00-00 00:00:00', '0000-00-00 00:00:00'),
(66, 65, 7, '0000-00-00 00:00:00', '0000-00-00 00:00:00'),
(67, 66, 4, '0000-00-00 00:00:00', '0000-00-00 00:00:00'),
(68, 67, 7, '0000-00-00 00:00:00', '0000-00-00 00:00:00'),
(69, 68, 4, '0000-00-00 00:00:00', '0000-00-00 00:00:00'),
(70, 69, 2, '0000-00-00 00:00:00', '0000-00-00 00:00:00'),
(71, 70, 2, '0000-00-00 00:00:00', '0000-00-00 00:00:00'),
(72, 71, 4, '0000-00-00 00:00:00', '0000-00-00 00:00:00'),
(73, 72, 7, '0000-00-00 00:00:00', '0000-00-00 00:00:00'),
(74, 73, 7, '0000-00-00 00:00:00', '0000-00-00 00:00:00'),
(75, 74, 8, '0000-00-00 00:00:00', '0000-00-00 00:00:00'),
(76, 75, 7, '0000-00-00 00:00:00', '0000-00-00 00:00:00'),
(77, 76, 2, '0000-00-00 00:00:00', '0000-00-00 00:00:00'),
(78, 77, 5, '0000-00-00 00:00:00', '0000-00-00 00:00:00'),
(79, 78, 2, '0000-00-00 00:00:00', '0000-00-00 00:00:00'),
(80, 79, 5, '0000-00-00 00:00:00', '0000-00-00 00:00:00'),
(81, 80, 8, '0000-00-00 00:00:00', '0000-00-00 00:00:00'),
(82, 81, 3, '0000-00-00 00:00:00', '0000-00-00 00:00:00'),
(83, 82, 8, '0000-00-00 00:00:00', '0000-00-00 00:00:00'),
(84, 83, 1, '0000-00-00 00:00:00', '0000-00-00 00:00:00'),
(85, 84, 8, '0000-00-00 00:00:00', '0000-00-00 00:00:00'),
(86, 85, 2, '0000-00-00 00:00:00', '0000-00-00 00:00:00'),
(87, 86, 5, '0000-00-00 00:00:00', '0000-00-00 00:00:00'),
(88, 87, 7, '0000-00-00 00:00:00', '0000-00-00 00:00:00'),
(89, 88, 1, '0000-00-00 00:00:00', '0000-00-00 00:00:00'),
(90, 89, 5, '0000-00-00 00:00:00', '0000-00-00 00:00:00'),
(91, 90, 3, '0000-00-00 00:00:00', '0000-00-00 00:00:00'),
(92, 91, 1, '0000-00-00 00:00:00', '0000-00-00 00:00:00'),
(93, 92, 8, '0000-00-00 00:00:00', '0000-00-00 00:00:00'),
(94, 93, 6, '0000-00-00 00:00:00', '0000-00-00 00:00:00'),
(95, 94, 8, '0000-00-00 00:00:00', '0000-00-00 00:00:00'),
(96, 95, 4, '0000-00-00 00:00:00', '0000-00-00 00:00:00'),
(97, 96, 3, '0000-00-00 00:00:00', '0000-00-00 00:00:00'),
(98, 97, 4, '0000-00-00 00:00:00', '0000-00-00 00:00:00'),
(99, 98, 3, '0000-00-00 00:00:00', '0000-00-00 00:00:00'),
(100, 99, 6, '0000-00-00 00:00:00', '0000-00-00 00:00:00'),
(101, 100, 5, '0000-00-00 00:00:00', '0000-00-00 00:00:00'),
(106, 1, 2, '2023-07-10 09:14:00', '2023-07-10 09:14:00'),
(110, 1, 8, '2023-07-10 09:47:28', '2023-07-10 09:47:28'),
(112, 103, 4, '2023-07-10 10:04:35', '2023-07-10 10:04:35'),
(113, 103, 3, '2023-07-10 10:05:19', '2023-07-10 10:05:19');

-- --------------------------------------------------------

--
-- Table structure for table `maid_profile`
--

CREATE TABLE `maid_profile` (
  `id` int(11) NOT NULL,
  `UserID` int(11) DEFAULT NULL,
  `first_name` varchar(255) DEFAULT NULL,
  `last_name` varchar(255) DEFAULT NULL,
  `phone_number` varchar(255) DEFAULT NULL,
  `address` varchar(255) DEFAULT NULL,
  `city` varchar(255) DEFAULT NULL,
  `country` varchar(255) DEFAULT NULL,
  `description` varchar(255) DEFAULT NULL,
  `experience` int(11) DEFAULT NULL,
  `skills` varchar(255) DEFAULT NULL,
  `ceftification` varchar(255) DEFAULT NULL,
  `birth_date` datetime DEFAULT NULL,
  `price_per_hour` int(11) DEFAULT NULL,
  `avatar_url` varchar(255) DEFAULT NULL,
  `rating` decimal(10,1) DEFAULT NULL,
  `createdAt` datetime NOT NULL,
  `updatedAt` datetime NOT NULL
) ENGINE=InnoDB DEFAULT CHARSET=utf8mb4 COLLATE=utf8mb4_general_ci;

--
-- Dumping data for table `maid_profile`
--

INSERT INTO `maid_profile` (`id`, `UserID`, `first_name`, `last_name`, `phone_number`, `address`, `city`, `country`, `description`, `experience`, `skills`, `ceftification`, `birth_date`, `price_per_hour`, `avatar_url`, `rating`, `createdAt`, `updatedAt`) VALUES
(1, 1, 'Demario', 'Dooley', '1-742-669-4146 x7926', 'Aufderhar Flat', 'Chicago', 'Monaco123213213', 'Nostrum facilis minus impedit perferendis. Cum consectetur culpa repudiandae in. Recusandae voluptates officiis alias quidem beatae pariatur.', 7, '赤ちゃん世話,料理', 'TOEFL,IELTS 8.0123123213213', '2022-10-06 09:24:31', 20, 'https://cloudflare-ipfs.com/ipfs/Qmd3W5DuhgHirLHGVixi6V76LhCkZUz6pnFt5AJBiyvHye/avatar/816.jpg', 3.0, '0000-00-00 00:00:00', '2023-07-10 13:50:30'),
(2, 2, 'Krystal', 'Nikolaus', '268.963.6175', 'Bergstrom Camp', 'Cronafort', 'Bulgaria', 'Officia atque quam facilis. At nostrum iste sint animi explicabo numquam. Dolorum earum maxime ea id.', 9, '赤ちゃん世話,料理', 'JLPT N2,TOEFL', '2023-01-17 13:43:39', 20, 'https://avatars.githubusercontent.com/u/13720871', 4.8, '0000-00-00 00:00:00', '0000-00-00 00:00:00'),
(3, 3, 'Keaton', 'Reinger', '1-770-806-4644 x22842', 'Kutch Ramp', 'Odellview', 'Belize', 'Porro porro vel repellendus. Architecto cum nostrum voluptatum necessitatibus. Amet beatae exercitationem a ratione tenetur hic praesentium ut quibusdam.', 3, '赤ちゃん世話,電子修理', 'TOEIC,IELTS 8.0', '2022-09-08 14:46:26', 5, 'https://avatars.githubusercontent.com/u/38596455', 3.6, '0000-00-00 00:00:00', '0000-00-00 00:00:00'),
(4, 4, 'Alexandre', 'Sauer', '910.203.3712 x552', 'Tillman Walk', 'Jacobistead', 'Antigua and Barbuda', 'Atque eum laboriosam itaque expedita. Quod repellat culpa aliquid sapiente ipsum delectus maxime commodi. Sapiente eum odit consequuntur.', 8, '赤ちゃん世話,料理', 'IELTS 8.0,TOEIC', '2023-01-06 06:27:12', 5, 'https://avatars.githubusercontent.com/u/9090056', 1.6, '0000-00-00 00:00:00', '0000-00-00 00:00:00'),
(5, 5, 'Ryann', 'Lockman', '(723) 980-8553 x86437', 'Josephine Garden', 'North Delphinechester', 'Cambodia', 'Quod cum possimus deleniti ipsam. Facere at nemo harum molestias distinctio dolore quae. Officia vitae saepe quas fugiat hic culpa.', 10, '赤ちゃん世話,料理', 'TOEFL,JLPT N2', '2022-11-07 06:55:03', 5, 'https://cloudflare-ipfs.com/ipfs/Qmd3W5DuhgHirLHGVixi6V76LhCkZUz6pnFt5AJBiyvHye/avatar/732.jpg', 1.5, '0000-00-00 00:00:00', '0000-00-00 00:00:00'),
(6, 6, 'Evelyn', 'Monahan', '217-799-0840', 'Lelah Valley', 'Boynton Beach', 'Ethiopia', 'Quibusdam beatae porro velit veniam deserunt. Delectus expedita libero nesciunt molestiae maiores exercitationem voluptatibus incidunt ex. Eaque omnis unde dolore.', 3, '電子修理,赤ちゃん世話', 'JLPT N2,TOEIC', '2022-08-25 04:47:47', 20, 'https://avatars.githubusercontent.com/u/29259177', 0.2, '0000-00-00 00:00:00', '0000-00-00 00:00:00'),
(7, 7, 'Jasmin', 'Volkman', '1-383-600-1469 x77333', 'Macejkovic Lane', 'South Carolyne', 'Cyprus', 'Cum dignissimos dolor rerum asperiores et error totam repellat tenetur. Sed illo doloribus. Eaque quis ducimus officiis fugit error ea quasi aut minima.', 7, '赤ちゃん世話,電子修理', 'IELTS 8.0,TOEIC', '2022-12-17 10:41:38', 15, 'https://cloudflare-ipfs.com/ipfs/Qmd3W5DuhgHirLHGVixi6V76LhCkZUz6pnFt5AJBiyvHye/avatar/1176.jpg', 1.4, '0000-00-00 00:00:00', '0000-00-00 00:00:00'),
(8, 8, 'Devon', 'Beer', '1-801-261-5556 x280', 'Arvel Knolls', 'Margate', 'Vietnam', 'Placeat consequatur molestiae non consequatur officia impedit id animi repudiandae. Vero dolorem aut officiis harum amet repellendus. Corporis facilis neque veritatis tempore.', 6, '赤ちゃん世話,料理', 'TOEIC,IELTS 8.0', '2022-08-26 08:43:22', 10, 'https://avatars.githubusercontent.com/u/78478194', 4.6, '0000-00-00 00:00:00', '0000-00-00 00:00:00'),
(9, 9, 'Zita', 'Stark', '936-202-8421', 'Franey Pike', 'Yostcester', 'El Salvador', 'Eaque recusandae perspiciatis voluptatibus. Voluptatum porro ex repellat quaerat ad ducimus dolore. Earum laborum delectus sit dolorum dolorum ipsum ab.', 7, '電子修理,赤ちゃん世話', 'TOEFL,TOEIC', '2023-02-06 12:12:36', 5, 'https://avatars.githubusercontent.com/u/36954158', 2.7, '0000-00-00 00:00:00', '0000-00-00 00:00:00'),
(10, 10, 'Carter', 'Johns', '1-523-512-4525 x6046', 'Porter Spurs', 'Medaville', 'China', 'Perspiciatis velit fugit. Tempore occaecati consectetur atque voluptates dolorem minima laborum optio molestiae. Minima distinctio iusto a animi.', 10, '赤ちゃん世話,電子修理', 'IELTS 8.0,TOEFL', '2023-03-19 14:59:15', 20, 'https://cloudflare-ipfs.com/ipfs/Qmd3W5DuhgHirLHGVixi6V76LhCkZUz6pnFt5AJBiyvHye/avatar/569.jpg', 0.0, '0000-00-00 00:00:00', '0000-00-00 00:00:00'),
(11, 11, 'Tremayne', 'Wintheiser', '1-887-251-9707 x3293', 'Clarabelle Ridge', 'Venabury', 'Falkland Islands (Malvinas)', 'Modi fuga reprehenderit natus illum maxime alias porro. Dignissimos nisi excepturi aspernatur et nulla perferendis voluptates dolorum quos. Labore vitae fugiat dolorum sint minus.', 8, '電子修理,赤ちゃん世話', 'TOEIC,TOEFL', '2022-11-10 03:30:29', 5, 'https://cloudflare-ipfs.com/ipfs/Qmd3W5DuhgHirLHGVixi6V76LhCkZUz6pnFt5AJBiyvHye/avatar/1049.jpg', 2.2, '0000-00-00 00:00:00', '0000-00-00 00:00:00'),
(12, 12, 'Pat', 'Hermann', '229.851.1111', 'Cullen Inlet', 'Reeceburgh', 'Latvia', 'Veritatis ab saepe ipsum eaque ullam. Tenetur nobis iure quod. Ipsum pariatur cum cumque ducimus.', 9, '赤ちゃん世話,電子修理', 'TOEIC,IELTS 8.0', '2022-08-31 00:03:00', 10, 'https://cloudflare-ipfs.com/ipfs/Qmd3W5DuhgHirLHGVixi6V76LhCkZUz6pnFt5AJBiyvHye/avatar/5.jpg', 4.9, '0000-00-00 00:00:00', '0000-00-00 00:00:00'),
(13, 13, 'Merl', 'Berge', '746.726.4297 x28996', 'Beer Ramp', 'Joycestad', 'Afghanistan', 'Sed sit fuga exercitationem perspiciatis ducimus. Molestias aspernatur cum tenetur dolor tempora quae tenetur ratione veniam. Quam deleniti perspiciatis veritatis repellendus accusantium dignissimos exercitationem esse consequuntur.', 9, '赤ちゃん世話,料理', 'TOEIC,TOEFL', '2023-02-05 07:49:53', 5, 'https://cloudflare-ipfs.com/ipfs/Qmd3W5DuhgHirLHGVixi6V76LhCkZUz6pnFt5AJBiyvHye/avatar/824.jpg', 0.5, '0000-00-00 00:00:00', '0000-00-00 00:00:00'),
(14, 14, 'Bryana', 'Huels', '597.621.0746 x44745', 'Tracy Curve', 'North Maribelhaven', 'Kiribati', 'Tempore beatae expedita. Voluptatum similique reprehenderit molestiae rem nihil quidem cumque dolores porro. Fuga ab culpa corrupti provident ex possimus voluptas.', 5, '電子修理,料理', 'TOEIC,IELTS 8.0', '2023-07-06 22:04:20', 20, 'https://cloudflare-ipfs.com/ipfs/Qmd3W5DuhgHirLHGVixi6V76LhCkZUz6pnFt5AJBiyvHye/avatar/3.jpg', 2.9, '0000-00-00 00:00:00', '0000-00-00 00:00:00'),
(15, 15, 'Jarrett', 'Waters', '954.665.3579', 'Ryan Street', 'West Maiya', 'Qatar', 'Corrupti explicabo adipisci quis. Atque nobis sunt dolores sunt ipsa voluptatum quis eos minus. Officia nemo a velit animi magni.', 4, '料理,赤ちゃん世話', 'IELTS 8.0,TOEIC', '2022-08-18 20:06:36', 15, 'https://avatars.githubusercontent.com/u/43955903', 1.5, '0000-00-00 00:00:00', '0000-00-00 00:00:00'),
(16, 16, 'Alessia', 'Pacocha', '(989) 304-0629 x550', 'Rose Stravenue', 'Hirthehaven', 'Curacao', 'Eaque consequuntur autem porro minima quasi architecto. Adipisci eligendi veniam dolorum repudiandae. Neque quas at autem dolores qui commodi mollitia occaecati iure.', 2, '料理,電子修理', 'JLPT N2,TOEFL', '2022-09-30 04:09:56', 10, 'https://avatars.githubusercontent.com/u/76746755', 1.9, '0000-00-00 00:00:00', '0000-00-00 00:00:00'),
(17, 17, 'Clyde', 'Williamson', '925-933-5497', 'Luis Stravenue', 'Bowling Green', 'Uganda', 'Facilis deleniti cum excepturi veniam neque veritatis. Ducimus dignissimos optio a nihil consequatur. Doloribus autem incidunt.', 8, '料理,電子修理', 'IELTS 8.0,JLPT N2', '2023-04-11 07:06:09', 15, 'https://avatars.githubusercontent.com/u/43554912', 5.0, '0000-00-00 00:00:00', '0000-00-00 00:00:00'),
(18, 18, 'Gideon', 'Heathcote', '1-640-651-9251 x42216', 'Torey Haven', 'Ondrickafurt', 'Libyan Arab Jamahiriya', 'Sunt dicta nesciunt pariatur repellat assumenda repellat facere rerum. Quos dicta provident labore harum. Aliquam dicta porro.', 7, '料理,赤ちゃん世話', 'IELTS 8.0,JLPT N2', '2022-12-06 19:34:01', 10, 'https://cloudflare-ipfs.com/ipfs/Qmd3W5DuhgHirLHGVixi6V76LhCkZUz6pnFt5AJBiyvHye/avatar/1126.jpg', 4.8, '0000-00-00 00:00:00', '0000-00-00 00:00:00'),
(19, 19, 'Ferne', 'Aufderhar', '1-945-843-8249 x899', 'Barrows Expressway', 'Surprise', 'Jamaica', 'Repellat illum est omnis laudantium a illum adipisci. Id ducimus accusantium amet molestiae tempore delectus nesciunt necessitatibus exercitationem. Mollitia natus a facere aspernatur illo nam esse sequi quis.', 8, '料理,電子修理', 'IELTS 8.0,TOEFL', '2023-03-30 11:32:05', 15, 'https://avatars.githubusercontent.com/u/7115281', 3.9, '0000-00-00 00:00:00', '0000-00-00 00:00:00'),
(20, 20, 'Crystal', 'Wolff', '1-621-693-2557', 'Khalid Rapids', 'Boston', 'Syrian Arab Republic', 'Quibusdam ad atque nam libero consectetur exercitationem recusandae. Exercitationem alias dicta consectetur minima. Iure ullam non labore reprehenderit aut.', 5, '赤ちゃん世話,料理', 'IELTS 8.0,TOEIC', '2023-04-03 16:34:01', 20, 'https://avatars.githubusercontent.com/u/86574491', 1.4, '0000-00-00 00:00:00', '0000-00-00 00:00:00'),
(21, 21, 'Nedra', 'Buckridge', '(412) 723-7897 x3108', 'Kiarra Knolls', 'Bossier City', 'Jersey', 'Saepe omnis rem mollitia tempora. Ipsam sunt perspiciatis esse explicabo voluptates eius. Officiis commodi eius fugiat officiis cum.', 3, '料理,赤ちゃん世話', 'JLPT N2,TOEIC', '2022-12-06 14:44:38', 20, 'https://cloudflare-ipfs.com/ipfs/Qmd3W5DuhgHirLHGVixi6V76LhCkZUz6pnFt5AJBiyvHye/avatar/1083.jpg', 4.9, '0000-00-00 00:00:00', '0000-00-00 00:00:00'),
(22, 22, 'Sterling', 'Leffler', '660.898.4979', 'Aimee Crest', 'East Olaland', 'Myanmar', 'Labore consequatur iusto provident iusto quia. Id error quis quidem dicta. Esse consequuntur quod dolorum incidunt itaque ratione asperiores repellendus mollitia.', 1, '赤ちゃん世話,料理', 'IELTS 8.0,TOEIC', '2022-08-25 22:30:59', 5, 'https://avatars.githubusercontent.com/u/16975020', 3.0, '0000-00-00 00:00:00', '0000-00-00 00:00:00'),
(23, 23, 'Maymie', 'Okuneva', '(934) 881-3424 x168', 'Eldridge Garden', 'Bradtkeside', 'Trinidad and Tobago', 'Laborum ut sequi tenetur totam similique hic dolores quas tempora. Distinctio nemo accusantium eos perspiciatis soluta culpa ab quo fugiat. Quod excepturi quisquam exercitationem est veniam inventore modi vel.', 10, '赤ちゃん世話,電子修理', 'IELTS 8.0,TOEIC', '2022-09-08 20:01:31', 5, 'https://cloudflare-ipfs.com/ipfs/Qmd3W5DuhgHirLHGVixi6V76LhCkZUz6pnFt5AJBiyvHye/avatar/681.jpg', 3.1, '0000-00-00 00:00:00', '0000-00-00 00:00:00'),
(24, 24, 'Kattie', 'Langworth-Larson', '865-875-9673 x60498', 'Elinore Parkway', 'Rock Hill', 'Guernsey', 'Minus maiores dignissimos deserunt nostrum eligendi velit eaque. Rem aut fugit quaerat non exercitationem laborum sit. Mollitia voluptas quis rerum illo.', 8, '料理,赤ちゃん世話', 'TOEFL,IELTS 8.0', '2022-12-15 11:18:25', 20, 'https://cloudflare-ipfs.com/ipfs/Qmd3W5DuhgHirLHGVixi6V76LhCkZUz6pnFt5AJBiyvHye/avatar/160.jpg', 2.3, '0000-00-00 00:00:00', '0000-00-00 00:00:00'),
(25, 25, 'Alba', 'Wuckert', '860-879-8476 x76834', 'Bayer Plains', 'North Candice', 'Libyan Arab Jamahiriya', 'Nobis incidunt animi molestias amet ut. Perspiciatis unde laudantium quos hic delectus autem. Quidem enim dolorum dignissimos voluptatum fuga excepturi ratione pariatur quae.', 3, '電子修理,赤ちゃん世話', 'TOEIC,JLPT N2', '2023-04-08 06:34:45', 10, 'https://avatars.githubusercontent.com/u/86008964', 2.3, '0000-00-00 00:00:00', '0000-00-00 00:00:00'),
(26, 26, 'Nia', 'Smitham', '1-641-444-1582 x44986', 'Greenholt Forges', 'Ardenstead', 'Saint Kitts and Nevis', 'Ab occaecati et. Ipsa fugiat dignissimos velit voluptatem. Magnam quod praesentium quibusdam cupiditate assumenda tenetur deleniti.', 1, '電子修理,料理', 'TOEFL,JLPT N2', '2022-07-21 21:07:21', 15, 'https://cloudflare-ipfs.com/ipfs/Qmd3W5DuhgHirLHGVixi6V76LhCkZUz6pnFt5AJBiyvHye/avatar/653.jpg', 1.4, '0000-00-00 00:00:00', '0000-00-00 00:00:00'),
(27, 27, 'Zion', 'Mohr', '236-684-9286 x001', 'Mann Locks', 'West Gilesside', 'Spain', 'Nesciunt pariatur dignissimos. Deleniti vel repellat omnis maiores sed libero. Deleniti enim suscipit eveniet earum suscipit quasi alias quidem.', 6, '赤ちゃん世話,料理', 'TOEFL,IELTS 8.0', '2023-03-22 11:26:51', 5, 'https://avatars.githubusercontent.com/u/56613816', 4.5, '0000-00-00 00:00:00', '0000-00-00 00:00:00'),
(28, 28, 'Rey', 'Erdman', '748-443-2853 x78647', 'Emmet Forest', 'East Clayton', 'Malta', 'Eaque id aut quas. Minus ut quo necessitatibus nemo earum. Cupiditate nostrum id natus praesentium qui magni labore omnis.', 6, '赤ちゃん世話,料理', 'IELTS 8.0,JLPT N2', '2023-02-25 21:36:37', 15, 'https://avatars.githubusercontent.com/u/68164340', 2.3, '0000-00-00 00:00:00', '0000-00-00 00:00:00'),
(29, 29, 'Tremayne', 'Lynch', '1-423-934-8933 x97008', 'Harley Parkway', 'Hamilltown', 'Libyan Arab Jamahiriya', 'Ea libero ullam ea tempora eius totam beatae. Exercitationem velit animi voluptate debitis culpa ea. Et sequi aut ratione architecto recusandae consequuntur repellat placeat.', 8, '料理,赤ちゃん世話', 'TOEFL,JLPT N2', '2023-01-28 23:57:08', 15, 'https://cloudflare-ipfs.com/ipfs/Qmd3W5DuhgHirLHGVixi6V76LhCkZUz6pnFt5AJBiyvHye/avatar/547.jpg', 4.1, '0000-00-00 00:00:00', '0000-00-00 00:00:00'),
(30, 30, 'Mazie', 'Kuphal', '259-778-2896 x55222', 'Rosenbaum Mountains', 'South Tellyside', 'Congo', 'Numquam delectus rerum sed doloremque ad in porro accusantium. Similique unde sapiente rem velit. Rerum sunt voluptas nisi.', 10, '電子修理,料理', 'IELTS 8.0,TOEIC', '2022-11-01 11:58:41', 10, 'https://avatars.githubusercontent.com/u/47265340', 1.7, '0000-00-00 00:00:00', '0000-00-00 00:00:00'),
(31, 31, 'Dejah', 'Bailey', '(942) 252-3976', 'Darrion Spring', 'Alexandrobury', 'Portugal', 'Repudiandae officiis cumque rerum officia quidem amet tenetur. Voluptas optio ab dolorum dolor cupiditate rerum ipsam recusandae nesciunt. Ducimus fugit suscipit animi neque cum minus numquam iure.', 3, '電子修理,料理', 'IELTS 8.0,TOEIC', '2023-03-14 12:41:23', 10, 'https://avatars.githubusercontent.com/u/4196255', 4.6, '0000-00-00 00:00:00', '0000-00-00 00:00:00'),
(32, 32, 'Tamia', 'Emmerich', '803-415-1664', 'Dawson Unions', 'Lake Janis', 'Cape Verde', 'Doloremque sint corporis molestiae quam fugiat placeat consectetur maxime. Id impedit optio eos. Mollitia libero aliquam.', 3, '電子修理,料理', 'JLPT N2,IELTS 8.0', '2023-03-29 07:50:41', 20, 'https://avatars.githubusercontent.com/u/48573765', 1.2, '0000-00-00 00:00:00', '0000-00-00 00:00:00'),
(33, 33, 'Frederick', 'Borer', '1-365-504-3548 x0869', 'Harris Shoals', 'Lake Juwan', 'Vanuatu', 'Placeat nihil iste reiciendis saepe ipsum reiciendis magnam. Quos ab libero facere praesentium vero facilis tempore rem assumenda. Possimus ratione pariatur cupiditate.', 10, '赤ちゃん世話,電子修理', 'TOEFL,IELTS 8.0', '2022-11-06 05:25:16', 20, 'https://cloudflare-ipfs.com/ipfs/Qmd3W5DuhgHirLHGVixi6V76LhCkZUz6pnFt5AJBiyvHye/avatar/397.jpg', 1.6, '0000-00-00 00:00:00', '0000-00-00 00:00:00'),
(34, 34, 'Josephine', 'Daniel', '1-742-575-4923', 'Towne Curve', 'West Christ', 'China', 'Excepturi nesciunt eveniet nesciunt commodi. Officiis minima quasi sit. Ducimus doloribus ab doloribus rerum cum ipsum harum mollitia.', 8, '料理,電子修理', 'JLPT N2,TOEIC', '2023-05-01 17:02:24', 20, 'https://cloudflare-ipfs.com/ipfs/Qmd3W5DuhgHirLHGVixi6V76LhCkZUz6pnFt5AJBiyvHye/avatar/134.jpg', 4.5, '0000-00-00 00:00:00', '0000-00-00 00:00:00'),
(35, 35, 'Billy', 'Schaden', '(217) 683-9221 x7643', 'Heaney Well', 'East Darien', 'Maldives', 'Magnam quos maiores quo harum sapiente corrupti quisquam culpa. Minima sunt rem nostrum. Illo sunt consectetur possimus quisquam.', 10, '赤ちゃん世話,料理', 'JLPT N2,IELTS 8.0', '2023-03-17 03:10:40', 5, 'https://avatars.githubusercontent.com/u/27861089', 3.1, '0000-00-00 00:00:00', '0000-00-00 00:00:00'),
(36, 36, 'Gerry', 'Thompson', '1-930-341-6183 x00496', 'Myra Spring', 'Fort Ludie', 'Luxembourg', 'Quia impedit eaque ipsum. Fugit magni suscipit commodi perferendis velit eveniet non voluptatum quibusdam. Fugit blanditiis nemo exercitationem nostrum modi tempora.', 9, '電子修理,赤ちゃん世話', 'TOEFL,IELTS 8.0', '2022-07-24 03:21:55', 10, 'https://cloudflare-ipfs.com/ipfs/Qmd3W5DuhgHirLHGVixi6V76LhCkZUz6pnFt5AJBiyvHye/avatar/1159.jpg', 1.7, '0000-00-00 00:00:00', '0000-00-00 00:00:00'),
(37, 37, 'Matilde', 'Goldner', '708.664.8847 x6790', 'Scottie View', 'Jewellboro', 'Dominican Republic', 'Nostrum quaerat earum natus. Placeat ad magnam incidunt similique dignissimos dolore autem accusantium rem. Suscipit illo esse minus dolorem illum quaerat qui.', 10, '電子修理,赤ちゃん世話', 'TOEFL,IELTS 8.0', '2023-07-06 22:25:27', 20, 'https://cloudflare-ipfs.com/ipfs/Qmd3W5DuhgHirLHGVixi6V76LhCkZUz6pnFt5AJBiyvHye/avatar/66.jpg', 3.1, '0000-00-00 00:00:00', '0000-00-00 00:00:00'),
(38, 38, 'Mozell', 'Fay', '1-874-406-3786 x40847', 'Dibbert Greens', 'Baldwin Park', 'Palau', 'Laborum eaque iusto quasi ipsum dicta ullam ducimus. Cumque molestias culpa quaerat velit praesentium. Aspernatur distinctio nisi reiciendis modi.', 7, '電子修理,赤ちゃん世話', 'TOEFL,IELTS 8.0', '2022-12-12 06:44:56', 5, 'https://cloudflare-ipfs.com/ipfs/Qmd3W5DuhgHirLHGVixi6V76LhCkZUz6pnFt5AJBiyvHye/avatar/694.jpg', 4.6, '0000-00-00 00:00:00', '0000-00-00 00:00:00'),
(39, 39, 'Casper', 'Volkman', '329.420.6864 x700', 'Crooks Vista', 'Columbus', 'Palau', 'Explicabo magnam deserunt enim quam atque excepturi. Nulla voluptatibus ipsum consequuntur aut atque ipsam at eius possimus. Repudiandae facere laborum numquam atque corporis officia.', 8, '料理,赤ちゃん世話', 'JLPT N2,IELTS 8.0', '2022-08-18 09:59:22', 5, 'https://avatars.githubusercontent.com/u/54773111', 3.0, '0000-00-00 00:00:00', '0000-00-00 00:00:00'),
(40, 40, 'Buster', 'Macejkovic', '932.931.7396 x05388', 'Schmeler Point', 'Isobelshire', 'North Macedonia', 'Alias amet aut deleniti. Dolor magnam quibusdam. Soluta facere magni.', 1, '料理,赤ちゃん世話', 'TOEFL,JLPT N2', '2022-10-04 22:43:01', 15, 'https://avatars.githubusercontent.com/u/3486035', 0.2, '0000-00-00 00:00:00', '0000-00-00 00:00:00'),
(41, 41, 'Vallie', 'Schmeler', '1-439-674-9172 x8087', 'Jenkins Manors', 'Rodgerfurt', 'Bangladesh', 'Nisi nemo error. Sint fugiat suscipit. Nam earum nobis.', 9, '料理,赤ちゃん世話', 'JLPT N2,TOEIC', '2023-06-05 16:40:32', 20, 'https://cloudflare-ipfs.com/ipfs/Qmd3W5DuhgHirLHGVixi6V76LhCkZUz6pnFt5AJBiyvHye/avatar/617.jpg', 3.0, '0000-00-00 00:00:00', '0000-00-00 00:00:00'),
(42, 42, 'Barry', 'Daugherty', '(678) 790-6752 x9124', 'Harvey Ridge', 'Fort Nathanaelburgh', 'Nicaragua', 'Tenetur doloremque eligendi dolor nihil doloremque voluptatem ipsam. Necessitatibus quam ducimus est cupiditate aut doloribus sequi. Facere reprehenderit id.', 9, '料理,電子修理', 'TOEFL,JLPT N2', '2022-12-18 00:48:51', 5, 'https://cloudflare-ipfs.com/ipfs/Qmd3W5DuhgHirLHGVixi6V76LhCkZUz6pnFt5AJBiyvHye/avatar/111.jpg', 3.2, '0000-00-00 00:00:00', '0000-00-00 00:00:00'),
(43, 43, 'Jarrell', 'Kohler', '(676) 274-6065', 'Lynn Springs', 'Revere', 'Oman', 'Officiis quam excepturi minima nostrum. Quae libero ipsam sed non. Quo dolorem aperiam vero.', 10, '赤ちゃん世話,電子修理', 'IELTS 8.0,TOEIC', '2022-09-19 09:24:50', 5, 'https://avatars.githubusercontent.com/u/50913615', 1.1, '0000-00-00 00:00:00', '0000-00-00 00:00:00'),
(44, 44, 'Deanna', 'Rogahn', '1-820-795-1011', 'McLaughlin Knolls', 'Kuvalischester', 'Chile', 'Suscipit animi aperiam tempora accusamus cupiditate earum hic quisquam. Animi laudantium quidem qui pariatur accusamus ratione. Ipsam voluptatem eligendi voluptatibus nesciunt voluptatibus.', 8, '赤ちゃん世話,料理', 'JLPT N2,IELTS 8.0', '2023-05-11 04:01:38', 20, 'https://cloudflare-ipfs.com/ipfs/Qmd3W5DuhgHirLHGVixi6V76LhCkZUz6pnFt5AJBiyvHye/avatar/909.jpg', 3.0, '0000-00-00 00:00:00', '0000-00-00 00:00:00'),
(45, 45, 'Osvaldo', 'West', '1-364-717-4895 x445', 'Jacobi Manors', 'Moorefort', 'Angola', 'Quidem nostrum hic blanditiis tempore optio quasi corrupti aut. Error magni repellat soluta dolores praesentium nesciunt tempora. Ab dignissimos nihil.', 6, '赤ちゃん世話,電子修理', 'IELTS 8.0,TOEFL', '2022-11-26 18:54:06', 20, 'https://avatars.githubusercontent.com/u/70960871', 0.0, '0000-00-00 00:00:00', '0000-00-00 00:00:00'),
(46, 46, 'Alessandra', 'Kerluke', '336.233.5772 x352', 'Johns Well', 'Vadaview', 'Niue', 'Dolorem eos ducimus reiciendis. Facere molestias magnam quae. Excepturi excepturi in doloribus quibusdam officia eveniet expedita minima veniam.', 9, '料理,赤ちゃん世話', 'TOEIC,TOEFL', '2023-01-21 08:35:22', 10, 'https://avatars.githubusercontent.com/u/37729780', 1.4, '0000-00-00 00:00:00', '0000-00-00 00:00:00'),
(47, 47, 'Harmony', 'Erdman', '281.820.3116 x104', 'Karley Track', 'Ahmadview', 'Belize', 'Praesentium corporis quia placeat enim. Quas ad sit cum consectetur consectetur consectetur. Porro minus velit molestiae ipsum sit libero facilis dolor nulla.', 7, '料理,赤ちゃん世話', 'JLPT N2,TOEIC', '2023-02-14 22:42:04', 10, 'https://avatars.githubusercontent.com/u/3915237', 3.3, '0000-00-00 00:00:00', '0000-00-00 00:00:00'),
(48, 48, 'Russel', 'Ledner', '1-699-476-4312 x3846', 'Terrill Mountain', 'Eagan', 'Montserrat', 'Temporibus quas ipsam. Quia cumque omnis dolor ratione. Quae sit doloremque laboriosam.', 10, '電子修理,料理', 'JLPT N2,TOEFL', '2022-09-08 23:29:36', 15, 'https://avatars.githubusercontent.com/u/10785782', 1.5, '0000-00-00 00:00:00', '0000-00-00 00:00:00'),
(49, 49, 'Lukas', 'Volkman', '423-587-2637 x510', 'Senger Manor', 'New Geostad', 'Micronesia', 'Consequatur optio atque veniam. Veritatis vel dignissimos ducimus exercitationem possimus saepe id quos. Cupiditate facere totam molestias fuga doloribus.', 3, '料理,赤ちゃん世話', 'TOEFL,JLPT N2', '2023-03-01 04:56:25', 5, 'https://cloudflare-ipfs.com/ipfs/Qmd3W5DuhgHirLHGVixi6V76LhCkZUz6pnFt5AJBiyvHye/avatar/212.jpg', 1.2, '0000-00-00 00:00:00', '0000-00-00 00:00:00'),
(50, 50, 'Luz', 'Rolfson', '403.981.8621', 'Jalen Skyway', 'Dillanworth', 'Ghana', 'Est sed sunt sapiente neque tempora. Tenetur quasi amet. Eaque enim aut optio.', 7, '料理,赤ちゃん世話', 'TOEFL,TOEIC', '2023-06-05 22:31:32', 15, 'https://avatars.githubusercontent.com/u/88398771', 2.6, '0000-00-00 00:00:00', '0000-00-00 00:00:00'),
(51, 51, 'Lexus', 'Borer', '1-317-327-4236 x568', 'Tyrique Club', 'Marquardthaven', 'Honduras', 'Facilis quam dolore odit consequuntur ipsum alias animi magnam sed. Error quam dicta eos omnis. Doloribus labore perferendis velit nostrum reprehenderit atque.', 4, '電子修理,赤ちゃん世話', 'TOEFL,TOEIC', '2023-01-08 00:56:43', 10, 'https://avatars.githubusercontent.com/u/29050189', 2.7, '0000-00-00 00:00:00', '0000-00-00 00:00:00'),
(52, 52, 'Lon', 'Altenwerth', '582-977-8213 x34777', 'Armand Haven', 'Cheyennechester', 'American Samoa', 'Pariatur corrupti ut odio sunt eius fugit. Vel exercitationem aut sit aut adipisci doloribus quo. Fugiat voluptate provident molestiae distinctio atque aperiam inventore doloremque.', 6, '電子修理,料理', 'IELTS 8.0,JLPT N2', '2022-11-10 02:19:44', 15, 'https://avatars.githubusercontent.com/u/31871453', 2.8, '0000-00-00 00:00:00', '0000-00-00 00:00:00'),
(53, 53, 'Alanis', 'Wisozk', '426-403-2454', 'Volkman Estate', 'Lake Elvaboro', 'Bahamas', 'Provident tempora fugiat nihil minus eveniet. Cupiditate quaerat ipsa itaque. Sequi sunt laudantium aliquid corporis assumenda.', 5, '赤ちゃん世話,電子修理', 'TOEFL,IELTS 8.0', '2023-04-08 23:12:25', 20, 'https://cloudflare-ipfs.com/ipfs/Qmd3W5DuhgHirLHGVixi6V76LhCkZUz6pnFt5AJBiyvHye/avatar/123.jpg', 1.4, '0000-00-00 00:00:00', '0000-00-00 00:00:00'),
(54, 54, 'Nadia', 'Hoppe', '769-365-6354 x37027', 'Hellen Point', 'Coral Gables', 'Kazakhstan', 'Maxime eius autem totam ad alias repudiandae sapiente ullam. Consectetur similique cupiditate sequi ipsa nisi veniam est soluta. Eaque odit eum minus adipisci reprehenderit natus doloremque.', 10, '赤ちゃん世話,電子修理', 'TOEIC,IELTS 8.0', '2022-12-06 15:21:01', 10, 'https://cloudflare-ipfs.com/ipfs/Qmd3W5DuhgHirLHGVixi6V76LhCkZUz6pnFt5AJBiyvHye/avatar/893.jpg', 4.1, '0000-00-00 00:00:00', '0000-00-00 00:00:00'),
(55, 55, 'Keven', 'Turner', '(594) 443-4887 x76888', 'Neoma Fields', 'Alphonsomouth', 'Russian Federation', 'Voluptatem explicabo cupiditate cumque quis voluptatibus reiciendis. Accusantium nisi architecto dolorum molestias commodi quas sapiente. Veritatis quod consequuntur aliquam qui.', 10, '電子修理,赤ちゃん世話', 'IELTS 8.0,TOEFL', '2023-07-03 14:34:22', 15, 'https://cloudflare-ipfs.com/ipfs/Qmd3W5DuhgHirLHGVixi6V76LhCkZUz6pnFt5AJBiyvHye/avatar/922.jpg', 2.5, '0000-00-00 00:00:00', '0000-00-00 00:00:00'),
(56, 56, 'Vidal', 'Little', '(779) 282-9395 x13815', 'Morar Fields', 'Lake Lurastead', 'Dominica', 'Sed dolor tempora amet. Sint eos quia consequuntur impedit inventore perferendis laudantium. Non ratione est pariatur quidem assumenda quam.', 10, '赤ちゃん世話,料理', 'TOEFL,TOEIC', '2022-10-29 06:17:16', 20, 'https://cloudflare-ipfs.com/ipfs/Qmd3W5DuhgHirLHGVixi6V76LhCkZUz6pnFt5AJBiyvHye/avatar/1176.jpg', 2.4, '0000-00-00 00:00:00', '0000-00-00 00:00:00'),
(57, 57, 'Katelynn', 'Satterfield', '517-484-5835 x236', 'Bert Forest', 'West Sacramento', 'North Macedonia', 'Earum veritatis vero fugiat dolorem quisquam veritatis laudantium illum. Praesentium repellat ex. Tenetur voluptate beatae eligendi.', 1, '電子修理,赤ちゃん世話', 'TOEIC,JLPT N2', '2023-06-08 23:32:14', 15, 'https://avatars.githubusercontent.com/u/18987835', 2.3, '0000-00-00 00:00:00', '0000-00-00 00:00:00'),
(58, 58, 'Velda', 'Williamson', '545-618-6259 x6026', 'Anastasia Garden', 'Parker', 'Djibouti', 'Ea modi id suscipit. Expedita deleniti rerum nihil praesentium minus voluptate. Harum atque inventore.', 2, '電子修理,料理', 'IELTS 8.0,TOEFL', '2023-02-24 06:40:29', 5, 'https://cloudflare-ipfs.com/ipfs/Qmd3W5DuhgHirLHGVixi6V76LhCkZUz6pnFt5AJBiyvHye/avatar/1160.jpg', 4.9, '0000-00-00 00:00:00', '0000-00-00 00:00:00'),
(59, 59, 'Micheal', 'O\'Kon', '210-660-1250 x627', 'Nicole Common', 'Melyssaville', 'Guinea', 'Reprehenderit dolor cupiditate fuga aspernatur quo. Quidem unde aut perspiciatis quibusdam quaerat. Suscipit labore debitis cum ex occaecati eum ipsum nemo.', 7, '電子修理,赤ちゃん世話', 'IELTS 8.0,TOEIC', '2022-12-16 03:01:12', 15, 'https://cloudflare-ipfs.com/ipfs/Qmd3W5DuhgHirLHGVixi6V76LhCkZUz6pnFt5AJBiyvHye/avatar/950.jpg', 2.9, '0000-00-00 00:00:00', '0000-00-00 00:00:00'),
(60, 60, 'Kylie', 'Huel', '1-553-337-2111', 'Hope Track', 'Beattyboro', 'Nepal', 'Quod illum voluptate iure optio. Ipsum tempora quas deserunt id earum numquam quidem. Hic nesciunt quas laudantium eos tempora.', 5, '電子修理,料理', 'IELTS 8.0,TOEIC', '2022-10-03 22:01:23', 5, 'https://cloudflare-ipfs.com/ipfs/Qmd3W5DuhgHirLHGVixi6V76LhCkZUz6pnFt5AJBiyvHye/avatar/867.jpg', 4.6, '0000-00-00 00:00:00', '0000-00-00 00:00:00'),
(61, 61, 'Candelario', 'Reichel', '1-532-548-1379 x142', 'Buckridge Parks', 'East Toniborough', 'Grenada', 'Praesentium quibusdam neque doloremque quia. Quaerat distinctio quo suscipit quidem. Ad id corrupti esse ipsam.', 9, '料理,赤ちゃん世話', 'TOEFL,JLPT N2', '2023-01-24 06:39:27', 20, 'https://avatars.githubusercontent.com/u/55923097', 1.3, '0000-00-00 00:00:00', '0000-00-00 00:00:00'),
(62, 62, 'Noemie', 'Swift', '917-716-9144', 'Vladimir Place', 'North Merritt', 'Equatorial Guinea', 'Vero amet tempora earum ad aspernatur iure provident. Cumque vitae fugiat voluptate laboriosam numquam non. Architecto excepturi ipsum molestiae.', 4, '料理,電子修理', 'TOEFL,IELTS 8.0', '2023-07-07 17:59:41', 10, 'https://avatars.githubusercontent.com/u/19701449', 3.7, '0000-00-00 00:00:00', '0000-00-00 00:00:00'),
(63, 63, 'Julio', 'Wisozk', '318.989.3348 x471', 'Marks Divide', 'Reillyberg', 'American Samoa', 'Id expedita deserunt alias. Distinctio tempora accusamus velit. Quasi maiores alias aspernatur expedita molestias at iusto cumque omnis.', 6, '赤ちゃん世話,電子修理', 'IELTS 8.0,TOEFL', '2022-09-26 17:15:28', 10, 'https://avatars.githubusercontent.com/u/21498423', 3.1, '0000-00-00 00:00:00', '0000-00-00 00:00:00'),
(64, 64, 'Adelle', 'Douglas', '203-393-1966 x5034', 'Karianne Lock', 'Providence', 'Moldova', 'Pariatur quidem similique. Illum dicta vero in beatae a sint quia ratione. Rem fugiat porro quidem placeat.', 1, '電子修理,赤ちゃん世話', 'TOEFL,JLPT N2', '2022-10-10 08:46:18', 15, 'https://avatars.githubusercontent.com/u/84252521', 2.0, '0000-00-00 00:00:00', '0000-00-00 00:00:00'),
(65, 65, 'Westley', 'Harber', '(562) 207-7630 x0143', 'Roxanne Hill', 'Gerholdberg', 'Hong Kong', 'Maiores itaque consequuntur sapiente tempora. Culpa quas quod. Quo minus illum molestias dolor amet minima.', 1, '赤ちゃん世話,電子修理', 'TOEFL,IELTS 8.0', '2022-07-19 09:45:28', 5, 'https://cloudflare-ipfs.com/ipfs/Qmd3W5DuhgHirLHGVixi6V76LhCkZUz6pnFt5AJBiyvHye/avatar/566.jpg', 1.1, '0000-00-00 00:00:00', '0000-00-00 00:00:00'),
(66, 66, 'Justice', 'Raynor', '829-342-6867', 'Luettgen Alley', 'Hermanboro', 'Ghana', 'Incidunt saepe temporibus atque enim modi laudantium. Accusantium necessitatibus quibusdam doloribus perspiciatis culpa eaque sint. Pariatur accusamus incidunt porro necessitatibus id illo eum.', 8, '料理,赤ちゃん世話', 'TOEFL,TOEIC', '2023-03-31 03:30:53', 15, 'https://cloudflare-ipfs.com/ipfs/Qmd3W5DuhgHirLHGVixi6V76LhCkZUz6pnFt5AJBiyvHye/avatar/137.jpg', 4.4, '0000-00-00 00:00:00', '0000-00-00 00:00:00'),
(67, 67, 'Hilda', 'Koss', '841-698-8604', 'Nader Circles', 'El Paso', 'Yemen', 'Cumque unde et accusamus ipsum quas ad atque doloremque. Provident necessitatibus animi eos. Accusamus earum animi nesciunt vel.', 4, '料理,電子修理', 'TOEFL,JLPT N2', '2022-09-20 23:32:04', 10, 'https://cloudflare-ipfs.com/ipfs/Qmd3W5DuhgHirLHGVixi6V76LhCkZUz6pnFt5AJBiyvHye/avatar/66.jpg', 2.6, '0000-00-00 00:00:00', '0000-00-00 00:00:00'),
(68, 68, 'Cyril', 'Marks', '302.812.9366 x53922', 'McCullough Ferry', 'West Juliochester', 'Burkina Faso', 'Dolorem optio quasi. In repudiandae porro id dignissimos consectetur cum harum. Ipsam ut magnam.', 1, '赤ちゃん世話,電子修理', 'TOEFL,JLPT N2', '2022-12-21 15:05:21', 15, 'https://avatars.githubusercontent.com/u/61561363', 3.0, '0000-00-00 00:00:00', '0000-00-00 00:00:00'),
(69, 69, 'Burdette', 'Rath', '247-242-1790 x619', 'Batz Causeway', 'New Kenyaport', 'Bosnia and Herzegovina', 'Soluta quas dolorem tempora ipsum architecto. Nobis repellendus unde minima ratione vero fugiat. Perferendis quisquam fuga.', 7, '料理,赤ちゃん世話', 'TOEIC,TOEFL', '2022-09-19 02:38:04', 20, 'https://cloudflare-ipfs.com/ipfs/Qmd3W5DuhgHirLHGVixi6V76LhCkZUz6pnFt5AJBiyvHye/avatar/684.jpg', 0.6, '0000-00-00 00:00:00', '0000-00-00 00:00:00'),
(70, 70, 'Newton', 'Howell', '1-995-940-0169 x398', 'Bartell Haven', 'Council Bluffs', 'Pakistan', 'Dolore dolor sunt corrupti debitis laborum inventore. Harum quaerat odio officia illo excepturi quia dignissimos minus. Beatae quisquam voluptas.', 10, '料理,電子修理', 'TOEIC,JLPT N2', '2023-05-07 16:17:58', 10, 'https://avatars.githubusercontent.com/u/20791232', 3.9, '0000-00-00 00:00:00', '0000-00-00 00:00:00'),
(71, 71, 'Watson', 'Barrows', '959-449-5050 x341', 'Francis Lock', 'San Buenaventura (Ventura)', 'Tajikistan', 'Inventore harum optio voluptates quis. Temporibus eaque voluptatibus sint natus iure. Illum autem reprehenderit voluptatum deleniti voluptate quae ipsa accusamus molestiae.', 6, '電子修理,料理', 'JLPT N2,IELTS 8.0', '2022-08-10 07:40:16', 20, 'https://cloudflare-ipfs.com/ipfs/Qmd3W5DuhgHirLHGVixi6V76LhCkZUz6pnFt5AJBiyvHye/avatar/651.jpg', 1.1, '0000-00-00 00:00:00', '0000-00-00 00:00:00'),
(72, 72, 'Zula', 'Nienow', '332.472.4842 x004', 'McClure Vista', 'North Jeramyville', 'Zambia', 'Quasi ipsam aliquam occaecati magni animi cumque. Consequuntur harum nemo at id maiores. Earum pariatur dicta amet beatae quas fuga dicta aut mollitia.', 2, '赤ちゃん世話,電子修理', 'IELTS 8.0,TOEFL', '2023-04-23 03:39:22', 5, 'https://avatars.githubusercontent.com/u/66370282', 0.7, '0000-00-00 00:00:00', '0000-00-00 00:00:00'),
(73, 73, 'Enos', 'Wiza', '(516) 580-3331 x46795', 'Ashlynn Key', 'North Eldora', 'Republic of Korea', 'Ex qui necessitatibus ex ab. Facere error accusamus ad officia doloribus dicta ab. Harum repellendus quaerat provident.', 5, '電子修理,赤ちゃん世話', 'JLPT N2,TOEFL', '2023-07-05 20:00:28', 10, 'https://avatars.githubusercontent.com/u/24557917', 1.4, '0000-00-00 00:00:00', '0000-00-00 00:00:00'),
(74, 74, 'Bella', 'Walsh', '548-789-5149 x74056', 'Moen Flats', 'Lake Forest', 'Switzerland', 'Vero magni doloribus ratione odit. Fuga occaecati quidem. Ab assumenda est impedit aperiam harum.', 6, '料理,電子修理', 'JLPT N2,TOEFL', '2023-01-01 03:24:13', 15, 'https://cloudflare-ipfs.com/ipfs/Qmd3W5DuhgHirLHGVixi6V76LhCkZUz6pnFt5AJBiyvHye/avatar/508.jpg', 4.3, '0000-00-00 00:00:00', '0000-00-00 00:00:00'),
(75, 75, 'Terence', 'Purdy', '378.728.2514 x77355', 'Howe Track', 'West Dariusborough', 'Latvia', 'Aperiam tempora maiores reiciendis aperiam exercitationem repellat. Fugit corporis odio. Asperiores aliquam distinctio id temporibus suscipit.', 5, '料理,電子修理', 'TOEIC,JLPT N2', '2023-01-03 19:04:21', 15, 'https://avatars.githubusercontent.com/u/24729312', 3.6, '0000-00-00 00:00:00', '0000-00-00 00:00:00'),
(76, 76, 'Selmer', 'Kreiger', '(675) 933-2551 x8326', 'Clara Well', 'Jeanetteside', 'Sao Tome and Principe', 'Odit provident voluptatum facere earum. Ipsam porro aliquid minima nisi blanditiis. Exercitationem eos eum rem veritatis odit iure qui.', 10, '赤ちゃん世話,料理', 'TOEFL,TOEIC', '2023-04-18 08:11:41', 20, 'https://avatars.githubusercontent.com/u/66586036', 2.7, '0000-00-00 00:00:00', '0000-00-00 00:00:00'),
(77, 77, 'Karson', 'Runte', '1-342-345-8953 x915', 'Hintz Trace', 'New Vella', 'Norway', 'Quibusdam consequatur ratione rem nulla quibusdam in adipisci. Adipisci aliquid eum fugit praesentium repellendus delectus consequuntur vero illum. Modi cumque eaque dolore inventore.', 2, '料理,赤ちゃん世話', 'TOEFL,TOEIC', '2023-01-21 15:48:59', 5, 'https://cloudflare-ipfs.com/ipfs/Qmd3W5DuhgHirLHGVixi6V76LhCkZUz6pnFt5AJBiyvHye/avatar/292.jpg', 2.7, '0000-00-00 00:00:00', '0000-00-00 00:00:00'),
(78, 78, 'Deontae', 'Monahan', '1-948-553-0150 x13315', 'Antonina Green', 'Marianberg', 'French Guiana', 'Quaerat placeat tempore ea soluta voluptate numquam itaque. Aperiam iure voluptas autem. Labore optio consequuntur ex quidem.', 5, '赤ちゃん世話,料理', 'IELTS 8.0,JLPT N2', '2023-06-22 18:31:32', 5, 'https://cloudflare-ipfs.com/ipfs/Qmd3W5DuhgHirLHGVixi6V76LhCkZUz6pnFt5AJBiyvHye/avatar/452.jpg', 1.1, '0000-00-00 00:00:00', '0000-00-00 00:00:00'),
(79, 79, 'Rogelio', 'Stiedemann', '687.254.3322 x3416', 'Schmidt Plaza', 'Mackenziefurt', 'Northern Mariana Islands', 'Saepe molestias ipsa illo earum voluptate quo optio debitis molestiae. Facilis omnis sit aliquid nobis doloremque magni perspiciatis laborum perferendis. Qui quaerat vel nobis.', 4, '赤ちゃん世話,電子修理', 'TOEIC,TOEFL', '2023-01-11 18:01:25', 20, 'https://avatars.githubusercontent.com/u/96533619', 1.5, '0000-00-00 00:00:00', '0000-00-00 00:00:00'),
(80, 80, 'Santina', 'Dibbert', '(990) 843-3969 x0651', 'Krajcik Rapids', 'Port Coltenworth', 'French Polynesia', 'At libero dolor maxime. Iure aut assumenda illo quo ipsa similique ipsa similique. Ut quia aspernatur praesentium quod soluta fuga voluptas consectetur veniam.', 8, '料理,電子修理', 'IELTS 8.0,TOEFL', '2022-12-28 10:55:17', 5, 'https://cloudflare-ipfs.com/ipfs/Qmd3W5DuhgHirLHGVixi6V76LhCkZUz6pnFt5AJBiyvHye/avatar/288.jpg', 5.0, '0000-00-00 00:00:00', '0000-00-00 00:00:00'),
(81, 81, 'Mozell', 'Skiles', '728-721-5507 x235', 'Green Unions', 'Kiehnshire', 'Indonesia', 'Molestiae necessitatibus quos deleniti quaerat provident totam expedita. Aspernatur libero perspiciatis neque sed nobis dicta animi. Deserunt vitae nisi harum odit inventore occaecati.', 8, '料理,電子修理', 'IELTS 8.0,TOEIC', '2023-02-13 01:21:21', 15, 'https://avatars.githubusercontent.com/u/35770119', 0.3, '0000-00-00 00:00:00', '0000-00-00 00:00:00'),
(82, 82, 'Melvina', 'Harvey', '(605) 999-2043 x655', 'Leonard Club', 'Marlenshire', 'Bhutan', 'Temporibus est adipisci dolorum dignissimos ratione. Est praesentium voluptatum officiis natus rerum similique cupiditate assumenda. Tempore repudiandae fugiat sint delectus doloribus mollitia inventore eum cumque.', 5, '料理,赤ちゃん世話', 'TOEFL,TOEIC', '2022-08-31 23:44:12', 20, 'https://avatars.githubusercontent.com/u/64102194', 1.6, '0000-00-00 00:00:00', '0000-00-00 00:00:00'),
(83, 83, 'Dejah', 'Feeney', '217.524.2807 x809', 'Jalyn Flat', 'East Gayle', 'Fiji', 'Sit consectetur repellat explicabo labore eius. Quidem nostrum nemo corrupti necessitatibus excepturi labore at culpa. Est commodi temporibus odit itaque consectetur.', 10, '赤ちゃん世話,料理', 'IELTS 8.0,JLPT N2', '2023-01-04 21:08:08', 20, 'https://cloudflare-ipfs.com/ipfs/Qmd3W5DuhgHirLHGVixi6V76LhCkZUz6pnFt5AJBiyvHye/avatar/498.jpg', 4.2, '0000-00-00 00:00:00', '0000-00-00 00:00:00'),
(84, 84, 'Sallie', 'Mertz', '369.634.1171 x93276', 'Wayne Glen', 'Bartolettiport', 'Antigua and Barbuda', 'Quae error quod tempora aut rerum a occaecati ea. Quia deserunt maxime dolore saepe eveniet aperiam. Nam impedit quod quisquam tenetur architecto labore inventore quas.', 10, '電子修理,料理', 'TOEFL,IELTS 8.0', '2022-07-14 14:18:50', 10, 'https://avatars.githubusercontent.com/u/24676013', 4.4, '0000-00-00 00:00:00', '0000-00-00 00:00:00'),
(85, 85, 'Iliana', 'Sawayn', '685-625-8082', 'Sylvia Well', 'Lindgrenville', 'Colombia', 'Labore sit necessitatibus animi ducimus. Quisquam temporibus dolore inventore ipsa odit quam dignissimos tenetur. Id sed id atque vitae id libero necessitatibus dolorum.', 2, '電子修理,料理', 'JLPT N2,TOEFL', '2022-11-06 13:17:50', 20, 'https://cloudflare-ipfs.com/ipfs/Qmd3W5DuhgHirLHGVixi6V76LhCkZUz6pnFt5AJBiyvHye/avatar/1012.jpg', 2.8, '0000-00-00 00:00:00', '0000-00-00 00:00:00'),
(86, 86, 'Jarod', 'Dickinson', '1-492-922-6187', 'Mohr Plains', 'Port Broderickmouth', 'Comoros', 'Et excepturi hic facere sed et. Fuga nemo pariatur minima esse eaque quisquam voluptatum molestias. Debitis deleniti consectetur optio similique odio cum temporibus nobis.', 4, '電子修理,赤ちゃん世話', 'TOEFL,IELTS 8.0', '2022-08-14 10:22:31', 20, 'https://cloudflare-ipfs.com/ipfs/Qmd3W5DuhgHirLHGVixi6V76LhCkZUz6pnFt5AJBiyvHye/avatar/169.jpg', 3.5, '0000-00-00 00:00:00', '0000-00-00 00:00:00'),
(87, 87, 'Tiffany', 'Cronin', '(542) 959-5647 x55387', 'Dillan Key', 'Port Uniquestad', 'Albania', 'Quos ex saepe. Quibusdam officiis earum voluptatibus molestiae ex. Itaque nisi aliquam distinctio.', 8, '料理,赤ちゃん世話', 'TOEIC,IELTS 8.0', '2023-03-16 22:25:57', 5, 'https://avatars.githubusercontent.com/u/2161522', 0.0, '0000-00-00 00:00:00', '0000-00-00 00:00:00'),
(88, 88, 'Ara', 'Stokes', '(953) 413-0762 x93190', 'Vesta Stream', 'Lindgrenboro', 'Australia', 'Repudiandae blanditiis molestiae incidunt numquam accusamus odit. Ad officia debitis quam. Cupiditate adipisci tempora occaecati.', 5, '料理,赤ちゃん世話', 'JLPT N2,TOEIC', '2023-05-10 03:22:22', 5, 'https://cloudflare-ipfs.com/ipfs/Qmd3W5DuhgHirLHGVixi6V76LhCkZUz6pnFt5AJBiyvHye/avatar/583.jpg', 2.2, '0000-00-00 00:00:00', '0000-00-00 00:00:00'),
(89, 89, 'Helena', 'Willms', '1-984-745-2759 x7538', 'Abernathy Shore', 'Cicero', 'Bouvet Island', 'Praesentium occaecati ipsam dignissimos dolores. Ipsa assumenda fuga asperiores molestiae vero. Eaque ab nulla accusamus voluptates recusandae aspernatur recusandae.', 2, '電子修理,赤ちゃん世話', 'TOEIC,IELTS 8.0', '2023-06-18 22:05:32', 15, 'https://cloudflare-ipfs.com/ipfs/Qmd3W5DuhgHirLHGVixi6V76LhCkZUz6pnFt5AJBiyvHye/avatar/190.jpg', 4.0, '0000-00-00 00:00:00', '0000-00-00 00:00:00'),
(90, 90, 'Adalberto', 'Kutch', '314-420-5962 x07445', 'Littel Mountain', 'Hermistonport', 'Djibouti', 'Eveniet voluptatum aperiam sit inventore minima molestiae asperiores molestiae impedit. Expedita doloribus praesentium laudantium accusantium quaerat consequatur incidunt possimus voluptatum. Eaque impedit quam pariatur.', 3, '赤ちゃん世話,料理', 'TOEIC,TOEFL', '2023-02-23 04:28:35', 10, 'https://cloudflare-ipfs.com/ipfs/Qmd3W5DuhgHirLHGVixi6V76LhCkZUz6pnFt5AJBiyvHye/avatar/780.jpg', 4.9, '0000-00-00 00:00:00', '0000-00-00 00:00:00'),
(91, 91, 'Floy', 'Frami-Quitzon', '1-576-905-8876 x19390', 'Asha Forks', 'Little Rock', 'Bangladesh', 'Tempora architecto aspernatur quam sequi. Fugit consectetur repudiandae a porro nesciunt maxime odio rem. Expedita libero recusandae maiores nisi praesentium quo.', 1, '料理,赤ちゃん世話', 'TOEFL,JLPT N2', '2022-07-31 14:26:29', 5, 'https://cloudflare-ipfs.com/ipfs/Qmd3W5DuhgHirLHGVixi6V76LhCkZUz6pnFt5AJBiyvHye/avatar/680.jpg', 4.4, '0000-00-00 00:00:00', '0000-00-00 00:00:00'),
(92, 92, 'Brent', 'Roob', '474-627-4066 x3623', 'Senger Road', 'Lake Jayme', 'Cape Verde', 'Culpa deserunt ratione consequatur temporibus. Molestiae facere nemo cumque officiis optio voluptatum eveniet magnam sequi. Quia corrupti quia consequatur molestiae.', 3, '赤ちゃん世話,料理', 'IELTS 8.0,TOEIC', '2022-12-18 21:19:09', 10, 'https://cloudflare-ipfs.com/ipfs/Qmd3W5DuhgHirLHGVixi6V76LhCkZUz6pnFt5AJBiyvHye/avatar/106.jpg', 1.7, '0000-00-00 00:00:00', '0000-00-00 00:00:00'),
(93, 93, 'Jaylan', 'Pouros', '1-857-835-2993', 'Brandi Grove', 'Goyettecester', 'Tajikistan', 'Blanditiis laborum magni corporis maxime magnam aliquam similique impedit reiciendis. Consequuntur necessitatibus corrupti suscipit omnis voluptas rem. Autem maxime cupiditate ipsum totam tempore corrupti sunt quibusdam.', 8, '電子修理,料理', 'TOEIC,JLPT N2', '2022-11-15 01:08:24', 15, 'https://cloudflare-ipfs.com/ipfs/Qmd3W5DuhgHirLHGVixi6V76LhCkZUz6pnFt5AJBiyvHye/avatar/439.jpg', 2.9, '0000-00-00 00:00:00', '0000-00-00 00:00:00'),
(94, 94, 'Douglas', 'Wintheiser-O\'Kon', '561-267-4911 x4297', 'Kilback Corner', 'Fort Lavinia', 'South Sudan', 'Laboriosam facilis assumenda assumenda velit incidunt doloribus libero quae. Illo praesentium consectetur fugiat quasi maiores. Ab excepturi quaerat asperiores facere assumenda.', 4, '赤ちゃん世話,料理', 'IELTS 8.0,TOEIC', '2023-02-03 21:27:15', 10, 'https://avatars.githubusercontent.com/u/21265853', 3.4, '0000-00-00 00:00:00', '0000-00-00 00:00:00'),
(95, 95, 'Brice', 'Skiles', '399-790-8448', 'Meredith Grove', 'Plainfield', 'Dominica', 'Fuga nihil quasi porro cupiditate temporibus. Iste reiciendis cumque tenetur. Eos mollitia aperiam.', 7, '電子修理,赤ちゃん世話', 'TOEIC,IELTS 8.0', '2022-10-20 13:27:02', 5, 'https://cloudflare-ipfs.com/ipfs/Qmd3W5DuhgHirLHGVixi6V76LhCkZUz6pnFt5AJBiyvHye/avatar/258.jpg', 3.2, '0000-00-00 00:00:00', '0000-00-00 00:00:00'),
(96, 96, 'Trenton', 'Haag', '268.945.3750 x377', 'Abdul Mills', 'New Queenieshire', 'Central African Republic', 'Officia molestias perspiciatis nostrum mollitia quae tenetur quisquam doloribus. Accusamus enim iusto. Alias aut nemo tenetur explicabo.', 6, '赤ちゃん世話,電子修理', 'IELTS 8.0,TOEIC', '2023-02-05 04:46:38', 15, 'https://avatars.githubusercontent.com/u/40544207', 3.5, '0000-00-00 00:00:00', '0000-00-00 00:00:00'),
(97, 97, 'Percival', 'Bartoletti', '1-628-240-5712 x552', 'Jayce Burg', 'Fort Braden', 'Sri Lanka', 'Esse magni ducimus. Magnam nihil debitis necessitatibus explicabo. Dolorum nemo nihil inventore hic eligendi illum animi iusto.', 5, '電子修理,赤ちゃん世話', 'IELTS 8.0,TOEFL', '2022-07-13 17:21:40', 15, 'https://avatars.githubusercontent.com/u/40109161', 2.0, '0000-00-00 00:00:00', '0000-00-00 00:00:00'),
(98, 98, 'Jacinto', 'Rice', '465-545-2317 x89607', 'Terry Lane', 'Pfefferburgh', 'Northern Mariana Islands', 'Perferendis vel repellat quas quae. Dignissimos accusamus sed. Enim fugit modi et exercitationem expedita maiores sed excepturi excepturi.', 4, '赤ちゃん世話,電子修理', 'TOEIC,IELTS 8.0', '2022-08-31 05:40:30', 10, 'https://avatars.githubusercontent.com/u/71659760', 3.6, '0000-00-00 00:00:00', '0000-00-00 00:00:00'),
(99, 99, 'Candice', 'Klein-Smith', '1-643-303-3169 x529', 'Simonis Ranch', 'Waipahu', 'Vietnam', 'Aut temporibus at quod itaque error provident neque. Non eum nisi. Quis sapiente delectus.', 5, '料理,電子修理', 'IELTS 8.0,JLPT N2', '2022-12-26 08:48:34', 10, 'https://avatars.githubusercontent.com/u/67605538', 3.1, '0000-00-00 00:00:00', '0000-00-00 00:00:00'),
(100, 100, 'Michael', 'Sanford', '780.522.9070 x4306', 'Clement Lane', 'Corkerystead', 'Botswana', 'Unde ipsum iste expedita autem distinctio exercitationem eveniet doloribus. Provident eum eveniet totam blanditiis occaecati eligendi cum dolore. Nobis aut quidem ipsum quo consequatur dolore harum porro.', 10, '料理,電子修理', 'JLPT N2,TOEFL', '2022-07-23 21:40:57', 15, 'https://avatars.githubusercontent.com/u/22527425', 1.6, '0000-00-00 00:00:00', '0000-00-00 00:00:00'),
(103, 204, '123123', '123123', '123123', '123123', '123123', '123123', '123123', 2, '123123', '123213', NULL, 123, 'https://res.cloudinary.com/subarasuy/image/upload/v1688981804/sc0npbzr5xxpdj2whuui.png', 1.4, '2023-07-10 09:36:48', '2023-07-10 10:42:28');

-- --------------------------------------------------------

--
-- Table structure for table `report`
--

CREATE TABLE `report` (
  `id` int(11) NOT NULL,
  `user_id` int(11) DEFAULT NULL,
  `report_id` int(11) NOT NULL,
  `reason` varchar(255) DEFAULT NULL,
  `is_handled` tinyint(1) DEFAULT NULL,
  `createdAt` datetime NOT NULL,
  `updatedAt` datetime NOT NULL
) ENGINE=InnoDB DEFAULT CHARSET=utf8mb4 COLLATE=utf8mb4_general_ci;

-- --------------------------------------------------------

--
-- Table structure for table `review`
--

CREATE TABLE `review` (
  `id` int(11) NOT NULL,
  `UserId` int(11) DEFAULT NULL,
  `maid_id` int(11) NOT NULL,
  `review` varchar(255) DEFAULT NULL,
  `rating` int(11) DEFAULT NULL,
  `comment` varchar(255) DEFAULT NULL,
  `createdAt` datetime NOT NULL,
  `updatedAt` datetime NOT NULL
) ENGINE=InnoDB DEFAULT CHARSET=utf8mb4 COLLATE=utf8mb4_general_ci;

--
-- Dumping data for table `review`
--

INSERT INTO `review` (`id`, `UserId`, `maid_id`, `review`, `rating`, `comment`, `createdAt`, `updatedAt`) VALUES
(1, 101, 1, 'bad', 4, 'Molestiae laborum totam tempora dicta facere fugit eum. Magni delectus nam dolore est hic a minus. Quas error provident labore hic.', '0000-00-00 00:00:00', '0000-00-00 00:00:00'),
(2, 102, 2, 'very good', 2, 'Blanditiis libero dolore id rerum minima mollitia asperiores. Tenetur mollitia reiciendis consequatur esse deleniti ab nesciunt. Nulla dolor repellat eum maiores voluptates assumenda quidem.', '0000-00-00 00:00:00', '0000-00-00 00:00:00'),
(3, 103, 3, 'excellent', 4, 'Dolorem in dolore quibusdam. Est culpa nisi minus quaerat dicta explicabo. Aliquam et atque debitis accusantium amet.', '0000-00-00 00:00:00', '0000-00-00 00:00:00'),
(4, 104, 4, 'good', 5, 'Accusamus quibusdam quia assumenda asperiores quasi eos. Voluptatem est voluptatum mollitia vel corrupti. Corporis impedit magni totam quos dolorum soluta voluptatibus officia ut.', '0000-00-00 00:00:00', '0000-00-00 00:00:00'),
(5, 105, 5, 'bad', 2, 'Quisquam itaque eveniet nobis debitis voluptas animi aperiam quos. Consequuntur magni aut aut deserunt deleniti atque. Fugiat quae nostrum voluptate dolorem rerum illum totam.', '0000-00-00 00:00:00', '0000-00-00 00:00:00'),
(6, 106, 6, 'good', 1, 'Laboriosam occaecati atque. Eligendi in architecto accusantium. Id illo aperiam.', '0000-00-00 00:00:00', '0000-00-00 00:00:00'),
(7, 107, 7, 'good', 4, 'Voluptates facere assumenda nulla occaecati sapiente sit aut sunt tenetur. Officiis quae voluptatum animi dolor quaerat quaerat doloremque odit. Sequi assumenda minus quas laborum repellendus suscipit.', '0000-00-00 00:00:00', '0000-00-00 00:00:00'),
(8, 108, 8, 'good', 1, 'Cum aliquam nam eius amet repellendus quos delectus asperiores. Officiis enim rerum iste dolorem quisquam incidunt in. Sed odio tempore veniam accusamus architecto quisquam debitis.', '0000-00-00 00:00:00', '0000-00-00 00:00:00'),
(9, 109, 9, 'excellent', 3, 'Corporis rerum nulla consectetur sunt quae dolorem ducimus ut similique. Ullam adipisci ipsum officia occaecati tempore. Et similique animi modi architecto placeat nemo mollitia.', '0000-00-00 00:00:00', '0000-00-00 00:00:00'),
(10, 110, 10, 'good', 3, 'Exercitationem deleniti magnam cum enim suscipit aliquid saepe. Neque quia atque provident aliquam sunt. Dicta commodi ullam soluta libero dolorum.', '0000-00-00 00:00:00', '0000-00-00 00:00:00'),
(11, 111, 11, 'bad', 4, 'Error neque repudiandae sequi sunt pariatur ratione similique ea. Consequatur alias cum. Alias cumque soluta nihil accusantium esse tempora.', '0000-00-00 00:00:00', '0000-00-00 00:00:00'),
(12, 112, 12, 'excellent', 1, 'Mollitia delectus cumque reprehenderit. Ipsam voluptas tenetur eveniet culpa consequatur officiis illum id enim. Architecto qui quaerat commodi illo.', '0000-00-00 00:00:00', '0000-00-00 00:00:00'),
(13, 113, 13, 'excellent', 3, 'Voluptatibus modi corporis dignissimos quos. Rerum at sequi animi itaque porro ab impedit. Cupiditate saepe minus quasi a nemo assumenda veritatis illo sapiente.', '0000-00-00 00:00:00', '0000-00-00 00:00:00'),
(14, 114, 14, 'bad', 2, 'Itaque officiis recusandae sunt molestias repudiandae. Fuga quos ratione amet. Ab consequuntur cum sit.', '0000-00-00 00:00:00', '0000-00-00 00:00:00'),
(15, 115, 15, 'very good', 4, 'Rem non corrupti nobis sapiente voluptatibus explicabo. Voluptatum atque possimus veniam ipsam doloribus quo nesciunt eveniet. Quis eveniet error iure error ad occaecati.', '0000-00-00 00:00:00', '0000-00-00 00:00:00'),
(16, 116, 16, 'bad', 1, 'Voluptate voluptate facere iure. Itaque distinctio ullam. Error asperiores eveniet ipsam.', '0000-00-00 00:00:00', '0000-00-00 00:00:00'),
(17, 117, 17, 'very good', 1, 'Illum quod voluptates corrupti. Earum maxime ipsam ex illo. Quibusdam debitis eius incidunt iste at sint facilis.', '0000-00-00 00:00:00', '0000-00-00 00:00:00'),
(18, 118, 18, 'good', 2, 'Voluptatem nemo voluptates quod pariatur modi numquam ratione molestias. Inventore eos ea ipsa quidem. Eos quasi soluta vitae doloribus cupiditate dolorem.', '0000-00-00 00:00:00', '0000-00-00 00:00:00'),
(19, 119, 19, 'good', 1, 'Harum rerum corporis. Debitis suscipit facere officia nulla consequatur. Totam veniam magnam nihil temporibus id tempora rem.', '0000-00-00 00:00:00', '0000-00-00 00:00:00'),
(20, 120, 20, 'bad', 3, 'Enim ratione quaerat quasi perspiciatis. Officia veritatis voluptatum consectetur. Animi a aspernatur sunt voluptates nemo nobis voluptatibus.', '0000-00-00 00:00:00', '0000-00-00 00:00:00'),
(21, 121, 21, 'good', 4, 'Asperiores impedit quo aliquam enim velit excepturi sequi blanditiis quisquam. Magni accusamus voluptatibus impedit. Eius labore nihil eligendi.', '0000-00-00 00:00:00', '0000-00-00 00:00:00'),
(22, 122, 22, 'bad', 2, 'Autem provident a provident nihil dolore esse quae quis minus. Vel maiores illo sequi ex expedita mollitia laborum. Voluptate consequuntur ad porro cum officiis quam dignissimos sequi sed.', '0000-00-00 00:00:00', '0000-00-00 00:00:00'),
(23, 123, 23, 'excellent', 1, 'Molestiae harum impedit iusto delectus occaecati. Adipisci eveniet at quod numquam dignissimos eveniet. Corrupti corporis recusandae possimus.', '0000-00-00 00:00:00', '0000-00-00 00:00:00'),
(24, 124, 24, 'excellent', 3, 'Quidem commodi libero illo praesentium corrupti placeat officiis. Alias praesentium vitae eaque. Eius possimus cupiditate officiis dolor quod.', '0000-00-00 00:00:00', '0000-00-00 00:00:00'),
(25, 125, 25, 'excellent', 3, 'Perferendis quasi ipsa enim praesentium esse quod corrupti voluptatibus. Distinctio voluptatibus dolores dolorem pariatur. Perferendis quae autem optio fuga temporibus voluptates.', '0000-00-00 00:00:00', '0000-00-00 00:00:00'),
(26, 126, 26, 'very good', 4, 'Dolore provident natus exercitationem illo eos molestiae aperiam perferendis. Repudiandae minima cum. Modi saepe debitis porro beatae.', '0000-00-00 00:00:00', '0000-00-00 00:00:00'),
(27, 127, 27, 'very good', 1, 'Vero omnis maiores adipisci possimus. Impedit atque odit ad officia repellendus sequi. Velit itaque vitae magnam laboriosam alias debitis facilis eaque rem.', '0000-00-00 00:00:00', '0000-00-00 00:00:00'),
(28, 128, 28, 'bad', 3, 'Culpa temporibus quae est excepturi. Consequuntur dolorem modi cumque exercitationem labore corrupti ipsam eveniet quis. Ullam fugit modi aperiam architecto necessitatibus repellat veniam officiis.', '0000-00-00 00:00:00', '0000-00-00 00:00:00'),
(29, 129, 29, 'good', 2, 'Odit inventore eos minima veritatis incidunt. Nesciunt aliquid repellat laboriosam maxime commodi delectus dolores dolorum officia. Itaque illum quod sit asperiores quia tempora distinctio.', '0000-00-00 00:00:00', '0000-00-00 00:00:00'),
(30, 130, 30, 'excellent', 1, 'Id accusantium cupiditate voluptatibus. Dolore id nihil. Vitae numquam laboriosam magni culpa.', '0000-00-00 00:00:00', '0000-00-00 00:00:00'),
(31, 131, 31, 'good', 1, 'Inventore sunt perferendis expedita. Ipsam dicta vel asperiores laudantium. Accusamus libero nobis hic consequatur.', '0000-00-00 00:00:00', '0000-00-00 00:00:00'),
(32, 132, 32, 'good', 5, 'Corporis illo esse excepturi omnis facilis. Reiciendis molestias numquam eum hic nulla consequuntur. Quasi consequuntur dicta at iusto ullam consectetur eligendi.', '0000-00-00 00:00:00', '0000-00-00 00:00:00'),
(33, 133, 33, 'excellent', 1, 'Dignissimos repudiandae odit consequatur quam iure enim repudiandae. Cumque cumque voluptate at odio atque necessitatibus. Quae quo iure non voluptates.', '0000-00-00 00:00:00', '0000-00-00 00:00:00'),
(34, 134, 34, 'good', 5, 'Natus ullam quo atque eos inventore. Optio nesciunt aliquid. Quisquam nemo facere totam error optio ducimus.', '0000-00-00 00:00:00', '0000-00-00 00:00:00'),
(35, 135, 35, 'very good', 2, 'Natus cumque veritatis sequi sit blanditiis optio suscipit hic recusandae. Fuga voluptatem ex voluptatem suscipit amet sit similique ullam. Quaerat saepe ratione quas fugiat libero accusamus natus ut.', '0000-00-00 00:00:00', '0000-00-00 00:00:00'),
(36, 136, 36, 'excellent', 5, 'Eius molestias deserunt officiis consectetur cum porro dolores veritatis. Quaerat in exercitationem provident fugit natus impedit. At vitae in commodi sed.', '0000-00-00 00:00:00', '0000-00-00 00:00:00'),
(37, 137, 37, 'bad', 5, 'Illo commodi unde voluptates iusto tempore placeat. Voluptate eveniet reprehenderit. Asperiores tempora asperiores quasi illo.', '0000-00-00 00:00:00', '0000-00-00 00:00:00'),
(38, 138, 38, 'very good', 5, 'Sunt neque vel at possimus. Fuga provident hic rem iure. Atque minus eos deleniti facilis.', '0000-00-00 00:00:00', '0000-00-00 00:00:00'),
(39, 139, 39, 'very good', 3, 'Quia neque accusamus facilis voluptas eius. Dolorum provident assumenda. Dolorem architecto veritatis ipsam facilis sapiente architecto.', '0000-00-00 00:00:00', '0000-00-00 00:00:00'),
(40, 140, 40, 'very good', 3, 'Dolorem consequatur quis minus optio. Voluptas aspernatur temporibus commodi totam sed laboriosam consequuntur. Consectetur rerum illo rem.', '0000-00-00 00:00:00', '0000-00-00 00:00:00'),
(41, 141, 41, 'bad', 2, 'Odit ipsum dicta ut. Modi eos molestias cupiditate laborum dolore. Cum facilis vitae tempore incidunt dolorum adipisci animi.', '0000-00-00 00:00:00', '0000-00-00 00:00:00'),
(42, 142, 42, 'excellent', 1, 'Expedita sequi animi assumenda labore eum reprehenderit ut magni. At nulla provident reiciendis minima natus aspernatur minima. Blanditiis earum totam voluptate repellat impedit eligendi nostrum.', '0000-00-00 00:00:00', '0000-00-00 00:00:00'),
(43, 143, 43, 'bad', 1, 'Repellat omnis id aliquid dolore nihil odio doloribus reiciendis. Eligendi corrupti vitae illum illo quaerat explicabo pariatur. Nesciunt quae quaerat eaque nesciunt.', '0000-00-00 00:00:00', '0000-00-00 00:00:00'),
(44, 144, 44, 'very good', 3, 'Amet magnam veniam repellendus necessitatibus error voluptatibus omnis. Optio commodi eos unde. Quas vitae doloribus.', '0000-00-00 00:00:00', '0000-00-00 00:00:00'),
(45, 145, 45, 'good', 4, 'Nobis est ex nulla cum. Quod iure eveniet aspernatur provident occaecati voluptate sunt nisi. Tenetur vero fugit asperiores totam natus sunt consequatur consectetur.', '0000-00-00 00:00:00', '0000-00-00 00:00:00'),
(46, 146, 46, 'very good', 4, 'Perspiciatis accusantium placeat praesentium laborum aliquam voluptatem exercitationem. Vero quis perferendis quam in earum explicabo suscipit officia. Ducimus qui aperiam libero aspernatur autem ullam fugit nemo.', '0000-00-00 00:00:00', '0000-00-00 00:00:00'),
(47, 147, 47, 'very good', 4, 'Mollitia ipsam autem nulla sint possimus atque veniam delectus earum. Provident praesentium cum quisquam dicta voluptas. Dolore similique dicta delectus.', '0000-00-00 00:00:00', '0000-00-00 00:00:00'),
(48, 148, 48, 'very good', 1, 'Nihil nemo occaecati porro sequi quos asperiores. Pariatur fuga molestias delectus earum. Numquam incidunt inventore aspernatur.', '0000-00-00 00:00:00', '0000-00-00 00:00:00'),
(49, 149, 49, 'bad', 1, 'Cum possimus a minus autem nostrum rem dolores provident quas. Nobis enim at sunt repellendus illum aut quas nam doloribus. Assumenda similique distinctio.', '0000-00-00 00:00:00', '0000-00-00 00:00:00'),
(50, 150, 50, 'good', 5, 'Ratione dolore quisquam laborum occaecati repudiandae eius facilis ipsam debitis. Libero mollitia consequuntur incidunt quidem sapiente facilis. Maiores nam reiciendis deserunt dignissimos consequuntur eos id aperiam odio.', '0000-00-00 00:00:00', '0000-00-00 00:00:00'),
(51, 151, 51, 'excellent', 3, 'Atque veritatis autem autem architecto fugiat voluptate doloribus. Possimus perferendis culpa. Omnis tempora numquam culpa voluptatum nihil nihil laboriosam laborum ab.', '0000-00-00 00:00:00', '0000-00-00 00:00:00'),
(52, 152, 52, 'excellent', 1, 'Saepe occaecati exercitationem optio error iure placeat iusto. At accusamus voluptates perspiciatis fugit exercitationem nesciunt libero ab. Provident qui accusamus provident quia dolorum fuga.', '0000-00-00 00:00:00', '0000-00-00 00:00:00'),
(53, 153, 53, 'good', 5, 'Porro explicabo veniam eligendi saepe harum reprehenderit cupiditate. Veniam ducimus optio ducimus reprehenderit. Cum vitae voluptatibus fugiat id.', '0000-00-00 00:00:00', '0000-00-00 00:00:00'),
(54, 154, 54, 'good', 1, 'Error praesentium aspernatur provident error delectus quam. Fugiat aut unde quisquam dignissimos commodi asperiores cum. Quidem ipsum temporibus minima rem temporibus fugiat at.', '0000-00-00 00:00:00', '0000-00-00 00:00:00'),
(55, 155, 55, 'very good', 2, 'Nisi delectus nemo similique autem perferendis. Reprehenderit porro eius. Rem ipsum neque architecto perferendis sit nam dolor minima distinctio.', '0000-00-00 00:00:00', '0000-00-00 00:00:00'),
(56, 156, 56, 'good', 1, 'Ducimus nam facere tempore minus fuga. Assumenda fuga quae voluptatum. Tenetur labore excepturi.', '0000-00-00 00:00:00', '0000-00-00 00:00:00'),
(57, 157, 57, 'excellent', 1, 'Fuga dolores molestias cum in natus consectetur vel aliquam. Quidem molestiae id commodi nostrum molestias quos at ab sunt. Dicta voluptate ullam omnis distinctio repellat.', '0000-00-00 00:00:00', '0000-00-00 00:00:00'),
(58, 158, 58, 'excellent', 4, 'Voluptates blanditiis voluptatibus dolorem exercitationem ullam. Non quis quam repudiandae facilis eveniet recusandae vitae quaerat. Aspernatur odio commodi aut eligendi blanditiis.', '0000-00-00 00:00:00', '0000-00-00 00:00:00'),
(59, 159, 59, 'very good', 3, 'Accusamus quisquam consectetur ullam ab nam. Ea doloribus quis atque non accusamus libero. Voluptates ex assumenda eveniet vero tenetur doloribus porro.', '0000-00-00 00:00:00', '0000-00-00 00:00:00'),
(60, 160, 60, 'good', 2, 'Reiciendis neque nisi. Facere et veniam maxime inventore nostrum nam saepe velit suscipit. Recusandae velit numquam asperiores.', '0000-00-00 00:00:00', '0000-00-00 00:00:00'),
(61, 161, 61, 'bad', 3, 'Eos sed minima culpa reiciendis necessitatibus ipsum pariatur odit voluptatibus. Nulla modi facere. Blanditiis veritatis reprehenderit nobis voluptates veritatis itaque libero ut.', '0000-00-00 00:00:00', '0000-00-00 00:00:00'),
(62, 162, 62, 'bad', 2, 'Fugit ad ea dignissimos esse sapiente aut. Reprehenderit voluptatem doloremque reprehenderit earum totam molestias modi. Magnam nobis rem.', '0000-00-00 00:00:00', '0000-00-00 00:00:00'),
(63, 163, 63, 'good', 3, 'Laborum at nulla. Impedit dignissimos ducimus enim qui id. Beatae sit occaecati iste voluptas vel itaque nobis.', '0000-00-00 00:00:00', '0000-00-00 00:00:00'),
(64, 164, 64, 'bad', 3, 'Quasi nulla ipsa. Doloremque et numquam sit quaerat distinctio eos molestiae amet. Repellendus minima eos eaque.', '0000-00-00 00:00:00', '0000-00-00 00:00:00'),
(65, 165, 65, 'bad', 4, 'Eos eius impedit repellendus commodi iusto. Omnis nostrum maxime at accusantium esse voluptate perferendis. Eaque unde assumenda nesciunt sapiente labore dolore modi molestias.', '0000-00-00 00:00:00', '0000-00-00 00:00:00'),
(66, 166, 66, 'good', 3, 'Molestias voluptate ex laborum atque tenetur. Corrupti illum soluta laboriosam cupiditate totam quibusdam. Est a blanditiis dolorem quasi tempora.', '0000-00-00 00:00:00', '0000-00-00 00:00:00'),
(67, 167, 67, 'very good', 3, 'Voluptas voluptatum non asperiores. Minus adipisci laboriosam veniam libero. Quod asperiores consequatur repudiandae corporis unde illo dolorem.', '0000-00-00 00:00:00', '0000-00-00 00:00:00'),
(68, 168, 68, 'very good', 3, 'Ad doloribus sapiente reprehenderit. Quasi aliquam omnis perferendis sed dolorem vitae ea nesciunt saepe. Nobis ipsam minus accusamus cumque vitae assumenda voluptatibus.', '0000-00-00 00:00:00', '0000-00-00 00:00:00'),
(69, 169, 69, 'excellent', 5, 'Nisi minima illo minima expedita optio. Laboriosam quia in exercitationem quisquam hic harum. Ipsum nisi nisi cumque explicabo neque quas delectus.', '0000-00-00 00:00:00', '0000-00-00 00:00:00'),
(70, 170, 70, 'very good', 3, 'Ipsa voluptates debitis rem nesciunt quos ex. Laborum cum rerum libero commodi rem. Sunt voluptatum nisi.', '0000-00-00 00:00:00', '0000-00-00 00:00:00'),
(71, 171, 71, 'excellent', 5, 'Nulla voluptatem sit ea architecto. Ducimus molestias quas dolorem eum. Dolorem officia debitis occaecati vel perferendis ipsum.', '0000-00-00 00:00:00', '0000-00-00 00:00:00'),
(72, 172, 72, 'very good', 4, 'Consequuntur sint eius quidem sint nihil doloremque vero. Illo dolorem odio tempora. Atque reiciendis ducimus doloremque nam voluptas numquam consequatur.', '0000-00-00 00:00:00', '0000-00-00 00:00:00'),
(73, 173, 73, 'very good', 2, 'Quisquam non cum quia eius quisquam. Illum ipsam facere. Sit occaecati consequuntur dolore voluptates fugit aliquam sapiente possimus.', '0000-00-00 00:00:00', '0000-00-00 00:00:00'),
(74, 174, 74, 'good', 5, 'Soluta dolores corrupti delectus culpa expedita minima ipsam. Atque eos aliquid. Vero ab dolorum veritatis laudantium.', '0000-00-00 00:00:00', '0000-00-00 00:00:00'),
(75, 175, 75, 'bad', 3, 'Ratione fugiat in iusto amet ut omnis. Temporibus ipsam neque sed expedita corporis deserunt veritatis. Minus necessitatibus dolore.', '0000-00-00 00:00:00', '0000-00-00 00:00:00'),
(76, 176, 76, 'good', 2, 'Voluptatibus rem distinctio. Quam soluta animi cum ex nemo voluptate. Praesentium quod itaque assumenda.', '0000-00-00 00:00:00', '0000-00-00 00:00:00'),
(77, 177, 77, 'excellent', 5, 'Aliquid ad ratione architecto. Sint nisi aliquid minima. Alias ratione ipsum iure rem earum numquam facere.', '0000-00-00 00:00:00', '0000-00-00 00:00:00'),
(78, 178, 78, 'good', 4, 'Voluptatem deserunt id alias dolorem. Sunt et possimus. Hic occaecati cum.', '0000-00-00 00:00:00', '0000-00-00 00:00:00'),
(79, 179, 79, 'very good', 2, 'Ut voluptatibus voluptatibus adipisci modi reprehenderit. Sint velit assumenda voluptatibus facilis doloremque nostrum esse. Eum esse quam accusamus perferendis consequatur velit.', '0000-00-00 00:00:00', '0000-00-00 00:00:00'),
(80, 180, 80, 'very good', 5, 'Consequuntur similique explicabo deserunt cupiditate minima id vitae sed quidem. Odit similique beatae nemo atque possimus similique et impedit ea. Aut neque optio recusandae sapiente corrupti eos vero laboriosam dolore.', '0000-00-00 00:00:00', '0000-00-00 00:00:00'),
(81, 181, 81, 'very good', 4, 'Vero suscipit reiciendis sapiente. Itaque optio perferendis deserunt dolores similique voluptate. Exercitationem reiciendis ipsa maxime hic voluptas.', '0000-00-00 00:00:00', '0000-00-00 00:00:00'),
(82, 182, 82, 'bad', 4, 'Neque ab enim. Qui sunt nisi occaecati quisquam. Nostrum deserunt illum cupiditate explicabo non at.', '0000-00-00 00:00:00', '0000-00-00 00:00:00'),
(83, 183, 83, 'good', 5, 'Ratione quis excepturi commodi qui voluptates tempora omnis incidunt hic. Unde ut magni occaecati. Reprehenderit temporibus molestias impedit odit nisi voluptatibus quisquam quia.', '0000-00-00 00:00:00', '0000-00-00 00:00:00'),
(84, 184, 84, 'very good', 2, 'Explicabo quis cum fuga totam expedita. Velit tempore repudiandae doloremque alias illum id repellat reiciendis. Ex neque esse cupiditate sint.', '0000-00-00 00:00:00', '0000-00-00 00:00:00'),
(85, 185, 85, 'bad', 5, 'Atque repudiandae veniam. Incidunt laborum mollitia saepe molestias possimus. Fuga incidunt unde ducimus inventore aspernatur magni.', '0000-00-00 00:00:00', '0000-00-00 00:00:00'),
(86, 186, 86, 'very good', 4, 'Dicta excepturi suscipit nesciunt eaque incidunt debitis consequuntur quae. Quibusdam esse tenetur assumenda iste. Officia ea error sed officia id.', '0000-00-00 00:00:00', '0000-00-00 00:00:00'),
(87, 187, 87, 'good', 3, 'Totam molestias deserunt. Quod vero culpa suscipit ut facilis odit sapiente quam nulla. Asperiores facilis sit numquam a repellat.', '0000-00-00 00:00:00', '0000-00-00 00:00:00'),
(88, 188, 88, 'very good', 5, 'Culpa quod excepturi repellat maxime tempora quaerat praesentium iure. Magnam ratione porro illum. Distinctio officiis pariatur.', '0000-00-00 00:00:00', '0000-00-00 00:00:00'),
(89, 189, 89, 'bad', 2, 'Accusamus autem et officiis odio enim sunt molestiae. Neque doloremque enim nobis possimus natus repellat quibusdam officia praesentium. Possimus maxime quia accusantium.', '0000-00-00 00:00:00', '0000-00-00 00:00:00'),
(90, 190, 90, 'bad', 5, 'Nobis iure deserunt commodi perspiciatis voluptatibus perspiciatis doloribus. Quod enim voluptas. Dolorum expedita possimus sequi.', '0000-00-00 00:00:00', '0000-00-00 00:00:00'),
(91, 191, 91, 'bad', 1, 'Quod voluptate nulla minima cum officia delectus sit sunt quibusdam. Adipisci cupiditate consequuntur nisi. Aliquid dolores deleniti doloremque soluta iure vero.', '0000-00-00 00:00:00', '0000-00-00 00:00:00'),
(92, 192, 92, 'bad', 3, 'Accusantium veritatis dolorem cumque illo nobis. Quae nam labore fugiat. Rem repellendus exercitationem assumenda voluptatibus quisquam dignissimos atque.', '0000-00-00 00:00:00', '0000-00-00 00:00:00'),
(93, 193, 93, 'very good', 4, 'Rerum eius nostrum exercitationem unde possimus hic ab exercitationem soluta. Voluptatum quam laudantium occaecati voluptatem officia cupiditate. Illum voluptates mollitia repellat.', '0000-00-00 00:00:00', '0000-00-00 00:00:00'),
(94, 194, 94, 'bad', 3, 'Totam cupiditate dolor dolorum dolores ipsa quisquam voluptatem numquam ea. Fuga sapiente minima recusandae alias quidem eaque recusandae perspiciatis. Soluta maiores voluptatem repellendus veritatis labore distinctio alias quas.', '0000-00-00 00:00:00', '0000-00-00 00:00:00'),
(95, 195, 95, 'bad', 2, 'Cupiditate mollitia dolores eum dolor aperiam. Deserunt quo culpa. Et repellat necessitatibus id explicabo.', '0000-00-00 00:00:00', '0000-00-00 00:00:00'),
(96, 196, 96, 'excellent', 2, 'Libero debitis deleniti ullam. Recusandae vero a ratione sit rerum ratione fugiat. Quod dicta totam vero officiis reprehenderit ullam unde hic.', '0000-00-00 00:00:00', '0000-00-00 00:00:00'),
(97, 197, 97, 'bad', 1, 'Cumque qui illo cupiditate reprehenderit. Sunt enim aperiam vel accusamus. Vitae tempore harum.', '0000-00-00 00:00:00', '0000-00-00 00:00:00'),
(98, 198, 98, 'good', 4, 'Amet quae tenetur voluptatum impedit recusandae. Perferendis dolore facilis magni eos maiores assumenda. Dicta doloremque rem ut assumenda dicta.', '0000-00-00 00:00:00', '0000-00-00 00:00:00'),
(99, 199, 99, 'very good', 4, 'Quaerat laborum sunt natus quasi distinctio soluta magni minima neque. Vel reiciendis eaque accusamus ut. Voluptatem doloribus sint consectetur officia laudantium maiores incidunt.', '0000-00-00 00:00:00', '0000-00-00 00:00:00'),
(100, 200, 100, 'excellent', 2, 'Magni saepe vitae quia. Eligendi qui qui consequuntur ad dicta nobis. Soluta vero voluptate placeat et ullam perspiciatis unde sequi.', '0000-00-00 00:00:00', '0000-00-00 00:00:00'),
(101, 106, 1, 'good', 3, 'asdfsdf', '2023-07-09 07:26:58', '2023-07-09 07:26:58'),
(102, 101, 103, 'good', 3, 'nhu cc', '2023-07-10 10:17:36', '2023-07-10 10:17:36'),
(103, 101, 103, 'bad', 1, '123123', '2023-07-10 10:18:48', '2023-07-10 10:18:48'),
(104, 101, 103, 'bad', 1, '123', '2023-07-10 10:19:47', '2023-07-10 10:19:47'),
(105, 101, 103, 'bad', 1, '123', '2023-07-10 10:21:20', '2023-07-10 10:21:20'),
(106, 101, 103, 'bad', 1, '123', '2023-07-10 10:22:12', '2023-07-10 10:22:12'),
(107, 101, 103, 'bad', 1, '1', '2023-07-10 10:22:49', '2023-07-10 10:22:49'),
(108, 101, 103, 'bad', 1, '1', '2023-07-10 10:23:13', '2023-07-10 10:23:13'),
(109, 101, 103, 'very bad', 0, '123', '2023-07-10 10:23:56', '2023-07-10 10:23:56'),
(110, 101, 103, 'bad', 1, '1', '2023-07-10 10:26:44', '2023-07-10 10:26:44'),
(111, 101, 103, 'bad', 1, '1', '2023-07-10 10:27:02', '2023-07-10 10:27:02'),
(112, 101, 103, 'not good', 2, '2', '2023-07-10 10:28:08', '2023-07-10 10:28:08'),
(113, 101, 103, 'bad', 1, '2', '2023-07-10 10:28:30', '2023-07-10 10:28:30'),
(114, 101, 103, 'bad', 1, '123', '2023-07-10 10:30:21', '2023-07-10 10:30:21'),
(115, 101, 103, 'not good', 2, '123213', '2023-07-10 10:30:35', '2023-07-10 10:30:35'),
(116, 101, 103, 'bad', 1, 'ầ', '2023-07-10 10:33:04', '2023-07-10 10:33:04'),
(117, 101, 103, 'bad', 1, '213', '2023-07-10 10:33:34', '2023-07-10 10:33:34'),
(118, 101, 103, 'good', 3, '123123', '2023-07-10 10:34:37', '2023-07-10 10:34:37'),
(119, 101, 103, 'not good', 2, '213213', '2023-07-10 10:36:52', '2023-07-10 10:36:52'),
(120, 101, 103, 'not good', 2, '2', '2023-07-10 10:38:04', '2023-07-10 10:38:04'),
(121, 101, 103, 'not good', 2, '3423', '2023-07-10 10:39:41', '2023-07-10 10:39:41'),
(122, 101, 1, 'not good', 2, '213213', '2023-07-10 10:40:36', '2023-07-10 10:40:36'),
(123, 101, 103, 'not good', 2, 'ngu', '2023-07-10 10:42:28', '2023-07-10 10:42:28'),
(124, 101, 1, 'good', 3, '123123123', '2023-07-10 13:42:26', '2023-07-10 13:42:26');

-- --------------------------------------------------------

--
-- Table structure for table `review_agreement`
--

CREATE TABLE `review_agreement` (
  `id` int(11) NOT NULL,
  `review_id` int(11) DEFAULT NULL,
  `user_id` int(11) NOT NULL,
  `agreement` tinyint(1) DEFAULT NULL,
  `createdAt` datetime NOT NULL,
  `updatedAt` datetime NOT NULL
) ENGINE=InnoDB DEFAULT CHARSET=utf8mb4 COLLATE=utf8mb4_general_ci;

-- --------------------------------------------------------

--
-- Table structure for table `sequelizemeta`
--

CREATE TABLE `sequelizemeta` (
  `name` varchar(255) NOT NULL
) ENGINE=InnoDB DEFAULT CHARSET=utf8 COLLATE=utf8_unicode_ci;

--
-- Dumping data for table `sequelizemeta`
--

INSERT INTO `sequelizemeta` (`name`) VALUES
('booking-migrations.js'),
('language-migration.js'),
('maid-language-migration.js'),
('maid-profile-migrations.js'),
('report-migrations.js'),
('review-agreement-migrations.js'),
('review-migrations.js'),
('user-migrations.js'),
('user-profile-migrations.js');

-- --------------------------------------------------------

--
-- Table structure for table `user`
--

CREATE TABLE `user` (
  `id` int(11) NOT NULL,
  `email` varchar(255) DEFAULT NULL,
  `password` varchar(255) DEFAULT NULL,
  `username` varchar(255) DEFAULT NULL,
  `role` int(11) DEFAULT NULL,
  `name` varchar(255) DEFAULT NULL,
  `avatar_url` varchar(255) DEFAULT NULL,
  `active` tinyint(1) DEFAULT NULL,
  `createdAt` datetime NOT NULL,
  `updatedAt` datetime NOT NULL
) ENGINE=InnoDB DEFAULT CHARSET=utf8mb4 COLLATE=utf8mb4_general_ci;

--
-- Dumping data for table `user`
--

INSERT INTO `user` (`id`, `email`, `password`, `username`, `role`, `name`, `avatar_url`, `active`, `createdAt`, `updatedAt`) VALUES
(1, 'maid1@gmail.com', '$2a$10$TB0ZOdUaSdWCJjXY5GnfquMEBw6WuBDaN5rRyGDIj4M6maqD51nES', 'maid1', 2, 'maid', NULL, 1, '0000-00-00 00:00:00', '2023-07-10 13:51:29'),
(2, 'maid2@gmail.com', '$2a$10$TB0ZOdUaSdWCJjXY5GnfquMEBw6WuBDaN5rRyGDIj4M6maqD51nES', 'maid2', 2, 'maid', NULL, 0, '0000-00-00 00:00:00', '2023-07-10 13:51:32'),
(3, 'maid3@gmail.com', '$2a$10$TB0ZOdUaSdWCJjXY5GnfquMEBw6WuBDaN5rRyGDIj4M6maqD51nES', 'maid3', 2, 'maid', NULL, 1, '0000-00-00 00:00:00', '2023-07-10 13:51:31'),
(4, 'maid4@gmail.com', '$2a$10$TB0ZOdUaSdWCJjXY5GnfquMEBw6WuBDaN5rRyGDIj4M6maqD51nES', 'maid4', 2, 'maid', NULL, 1, '0000-00-00 00:00:00', '2023-07-10 13:51:33'),
(5, 'maid5@gmail.com', '$2a$10$TB0ZOdUaSdWCJjXY5GnfquMEBw6WuBDaN5rRyGDIj4M6maqD51nES', 'maid5', 2, 'maid', NULL, 1, '0000-00-00 00:00:00', '2023-07-10 13:51:34'),
(6, 'maid6@gmail.com', '$2a$10$TB0ZOdUaSdWCJjXY5GnfquMEBw6WuBDaN5rRyGDIj4M6maqD51nES', 'maid6', 2, 'maid', NULL, 0, '0000-00-00 00:00:00', '2023-07-08 15:42:03'),
(7, 'maid7@gmail.com', '$2a$10$TB0ZOdUaSdWCJjXY5GnfquMEBw6WuBDaN5rRyGDIj4M6maqD51nES', 'maid7', 2, 'maid', NULL, 0, '0000-00-00 00:00:00', '2023-07-08 15:42:04'),
(8, 'maid8@gmail.com', '$2a$10$TB0ZOdUaSdWCJjXY5GnfquMEBw6WuBDaN5rRyGDIj4M6maqD51nES', 'maid8', 2, 'maid', NULL, 0, '0000-00-00 00:00:00', '2023-07-08 15:42:05'),
(9, 'maid9@gmail.com', '$2a$10$TB0ZOdUaSdWCJjXY5GnfquMEBw6WuBDaN5rRyGDIj4M6maqD51nES', 'maid9', 2, 'maid', NULL, 1, '0000-00-00 00:00:00', '2023-07-08 15:42:06'),
(10, 'maid10@gmail.com', '$2a$10$TB0ZOdUaSdWCJjXY5GnfquMEBw6WuBDaN5rRyGDIj4M6maqD51nES', 'maid10', 2, 'maid', NULL, 0, '0000-00-00 00:00:00', '2023-07-08 15:42:06'),
(11, 'maid11@gmail.com', '$2a$10$TB0ZOdUaSdWCJjXY5GnfquMEBw6WuBDaN5rRyGDIj4M6maqD51nES', 'maid11', 2, 'maid', NULL, 1, '0000-00-00 00:00:00', '0000-00-00 00:00:00'),
(12, 'maid12@gmail.com', '$2a$10$TB0ZOdUaSdWCJjXY5GnfquMEBw6WuBDaN5rRyGDIj4M6maqD51nES', 'maid12', 2, 'maid', NULL, 1, '0000-00-00 00:00:00', '0000-00-00 00:00:00'),
(13, 'maid13@gmail.com', '$2a$10$TB0ZOdUaSdWCJjXY5GnfquMEBw6WuBDaN5rRyGDIj4M6maqD51nES', 'maid13', 2, 'maid', NULL, 1, '0000-00-00 00:00:00', '0000-00-00 00:00:00'),
(14, 'maid14@gmail.com', '$2a$10$TB0ZOdUaSdWCJjXY5GnfquMEBw6WuBDaN5rRyGDIj4M6maqD51nES', 'maid14', 2, 'maid', NULL, 1, '0000-00-00 00:00:00', '0000-00-00 00:00:00'),
(15, 'maid15@gmail.com', '$2a$10$TB0ZOdUaSdWCJjXY5GnfquMEBw6WuBDaN5rRyGDIj4M6maqD51nES', 'maid15', 2, 'maid', NULL, 1, '0000-00-00 00:00:00', '0000-00-00 00:00:00'),
(16, 'maid16@gmail.com', '$2a$10$TB0ZOdUaSdWCJjXY5GnfquMEBw6WuBDaN5rRyGDIj4M6maqD51nES', 'maid16', 2, 'maid', NULL, 1, '0000-00-00 00:00:00', '0000-00-00 00:00:00'),
(17, 'maid17@gmail.com', '$2a$10$TB0ZOdUaSdWCJjXY5GnfquMEBw6WuBDaN5rRyGDIj4M6maqD51nES', 'maid17', 2, 'maid', NULL, 1, '0000-00-00 00:00:00', '0000-00-00 00:00:00'),
(18, 'maid18@gmail.com', '$2a$10$TB0ZOdUaSdWCJjXY5GnfquMEBw6WuBDaN5rRyGDIj4M6maqD51nES', 'maid18', 2, 'maid', NULL, 1, '0000-00-00 00:00:00', '0000-00-00 00:00:00'),
(19, 'maid19@gmail.com', '$2a$10$TB0ZOdUaSdWCJjXY5GnfquMEBw6WuBDaN5rRyGDIj4M6maqD51nES', 'maid19', 2, 'maid', NULL, 1, '0000-00-00 00:00:00', '0000-00-00 00:00:00'),
(20, 'maid20@gmail.com', '$2a$10$TB0ZOdUaSdWCJjXY5GnfquMEBw6WuBDaN5rRyGDIj4M6maqD51nES', 'maid20', 2, 'maid', NULL, 1, '0000-00-00 00:00:00', '0000-00-00 00:00:00'),
(21, 'maid21@gmail.com', '$2a$10$TB0ZOdUaSdWCJjXY5GnfquMEBw6WuBDaN5rRyGDIj4M6maqD51nES', 'maid21', 2, 'maid', NULL, 1, '0000-00-00 00:00:00', '0000-00-00 00:00:00'),
(22, 'maid22@gmail.com', '$2a$10$TB0ZOdUaSdWCJjXY5GnfquMEBw6WuBDaN5rRyGDIj4M6maqD51nES', 'maid22', 2, 'maid', NULL, 1, '0000-00-00 00:00:00', '0000-00-00 00:00:00'),
(23, 'maid23@gmail.com', '$2a$10$TB0ZOdUaSdWCJjXY5GnfquMEBw6WuBDaN5rRyGDIj4M6maqD51nES', 'maid23', 2, 'maid', NULL, 1, '0000-00-00 00:00:00', '0000-00-00 00:00:00'),
(24, 'maid24@gmail.com', '$2a$10$TB0ZOdUaSdWCJjXY5GnfquMEBw6WuBDaN5rRyGDIj4M6maqD51nES', 'maid24', 2, 'maid', NULL, 1, '0000-00-00 00:00:00', '0000-00-00 00:00:00'),
(25, 'maid25@gmail.com', '$2a$10$TB0ZOdUaSdWCJjXY5GnfquMEBw6WuBDaN5rRyGDIj4M6maqD51nES', 'maid25', 2, 'maid', NULL, 1, '0000-00-00 00:00:00', '0000-00-00 00:00:00'),
(26, 'maid26@gmail.com', '$2a$10$TB0ZOdUaSdWCJjXY5GnfquMEBw6WuBDaN5rRyGDIj4M6maqD51nES', 'maid26', 2, 'maid', NULL, 1, '0000-00-00 00:00:00', '0000-00-00 00:00:00'),
(27, 'maid27@gmail.com', '$2a$10$TB0ZOdUaSdWCJjXY5GnfquMEBw6WuBDaN5rRyGDIj4M6maqD51nES', 'maid27', 2, 'maid', NULL, 1, '0000-00-00 00:00:00', '0000-00-00 00:00:00'),
(28, 'maid28@gmail.com', '$2a$10$TB0ZOdUaSdWCJjXY5GnfquMEBw6WuBDaN5rRyGDIj4M6maqD51nES', 'maid28', 2, 'maid', NULL, 1, '0000-00-00 00:00:00', '0000-00-00 00:00:00'),
(29, 'maid29@gmail.com', '$2a$10$TB0ZOdUaSdWCJjXY5GnfquMEBw6WuBDaN5rRyGDIj4M6maqD51nES', 'maid29', 2, 'maid', NULL, 1, '0000-00-00 00:00:00', '0000-00-00 00:00:00'),
(30, 'maid30@gmail.com', '$2a$10$TB0ZOdUaSdWCJjXY5GnfquMEBw6WuBDaN5rRyGDIj4M6maqD51nES', 'maid30', 2, 'maid', NULL, 1, '0000-00-00 00:00:00', '0000-00-00 00:00:00'),
(31, 'maid31@gmail.com', '$2a$10$TB0ZOdUaSdWCJjXY5GnfquMEBw6WuBDaN5rRyGDIj4M6maqD51nES', 'maid31', 2, 'maid', NULL, 1, '0000-00-00 00:00:00', '0000-00-00 00:00:00'),
(32, 'maid32@gmail.com', '$2a$10$TB0ZOdUaSdWCJjXY5GnfquMEBw6WuBDaN5rRyGDIj4M6maqD51nES', 'maid32', 2, 'maid', NULL, 1, '0000-00-00 00:00:00', '0000-00-00 00:00:00'),
(33, 'maid33@gmail.com', '$2a$10$TB0ZOdUaSdWCJjXY5GnfquMEBw6WuBDaN5rRyGDIj4M6maqD51nES', 'maid33', 2, 'maid', NULL, 1, '0000-00-00 00:00:00', '0000-00-00 00:00:00'),
(34, 'maid34@gmail.com', '$2a$10$TB0ZOdUaSdWCJjXY5GnfquMEBw6WuBDaN5rRyGDIj4M6maqD51nES', 'maid34', 2, 'maid', NULL, 1, '0000-00-00 00:00:00', '0000-00-00 00:00:00'),
(35, 'maid35@gmail.com', '$2a$10$TB0ZOdUaSdWCJjXY5GnfquMEBw6WuBDaN5rRyGDIj4M6maqD51nES', 'maid35', 2, 'maid', NULL, 1, '0000-00-00 00:00:00', '0000-00-00 00:00:00'),
(36, 'maid36@gmail.com', '$2a$10$TB0ZOdUaSdWCJjXY5GnfquMEBw6WuBDaN5rRyGDIj4M6maqD51nES', 'maid36', 2, 'maid', NULL, 1, '0000-00-00 00:00:00', '0000-00-00 00:00:00'),
(37, 'maid37@gmail.com', '$2a$10$TB0ZOdUaSdWCJjXY5GnfquMEBw6WuBDaN5rRyGDIj4M6maqD51nES', 'maid37', 2, 'maid', NULL, 1, '0000-00-00 00:00:00', '0000-00-00 00:00:00'),
(38, 'maid38@gmail.com', '$2a$10$TB0ZOdUaSdWCJjXY5GnfquMEBw6WuBDaN5rRyGDIj4M6maqD51nES', 'maid38', 2, 'maid', NULL, 1, '0000-00-00 00:00:00', '0000-00-00 00:00:00'),
(39, 'maid39@gmail.com', '$2a$10$TB0ZOdUaSdWCJjXY5GnfquMEBw6WuBDaN5rRyGDIj4M6maqD51nES', 'maid39', 2, 'maid', NULL, 1, '0000-00-00 00:00:00', '0000-00-00 00:00:00'),
(40, 'maid40@gmail.com', '$2a$10$TB0ZOdUaSdWCJjXY5GnfquMEBw6WuBDaN5rRyGDIj4M6maqD51nES', 'maid40', 2, 'maid', NULL, 1, '0000-00-00 00:00:00', '0000-00-00 00:00:00'),
(41, 'maid41@gmail.com', '$2a$10$TB0ZOdUaSdWCJjXY5GnfquMEBw6WuBDaN5rRyGDIj4M6maqD51nES', 'maid41', 2, 'maid', NULL, 1, '0000-00-00 00:00:00', '0000-00-00 00:00:00'),
(42, 'maid42@gmail.com', '$2a$10$TB0ZOdUaSdWCJjXY5GnfquMEBw6WuBDaN5rRyGDIj4M6maqD51nES', 'maid42', 2, 'maid', NULL, 1, '0000-00-00 00:00:00', '0000-00-00 00:00:00'),
(43, 'maid43@gmail.com', '$2a$10$TB0ZOdUaSdWCJjXY5GnfquMEBw6WuBDaN5rRyGDIj4M6maqD51nES', 'maid43', 2, 'maid', NULL, 1, '0000-00-00 00:00:00', '0000-00-00 00:00:00'),
(44, 'maid44@gmail.com', '$2a$10$TB0ZOdUaSdWCJjXY5GnfquMEBw6WuBDaN5rRyGDIj4M6maqD51nES', 'maid44', 2, 'maid', NULL, 1, '0000-00-00 00:00:00', '0000-00-00 00:00:00'),
(45, 'maid45@gmail.com', '$2a$10$TB0ZOdUaSdWCJjXY5GnfquMEBw6WuBDaN5rRyGDIj4M6maqD51nES', 'maid45', 2, 'maid', NULL, 1, '0000-00-00 00:00:00', '0000-00-00 00:00:00'),
(46, 'maid46@gmail.com', '$2a$10$TB0ZOdUaSdWCJjXY5GnfquMEBw6WuBDaN5rRyGDIj4M6maqD51nES', 'maid46', 2, 'maid', NULL, 1, '0000-00-00 00:00:00', '0000-00-00 00:00:00'),
(47, 'maid47@gmail.com', '$2a$10$TB0ZOdUaSdWCJjXY5GnfquMEBw6WuBDaN5rRyGDIj4M6maqD51nES', 'maid47', 2, 'maid', NULL, 1, '0000-00-00 00:00:00', '0000-00-00 00:00:00'),
(48, 'maid48@gmail.com', '$2a$10$TB0ZOdUaSdWCJjXY5GnfquMEBw6WuBDaN5rRyGDIj4M6maqD51nES', 'maid48', 2, 'maid', NULL, 1, '0000-00-00 00:00:00', '0000-00-00 00:00:00'),
(49, 'maid49@gmail.com', '$2a$10$TB0ZOdUaSdWCJjXY5GnfquMEBw6WuBDaN5rRyGDIj4M6maqD51nES', 'maid49', 2, 'maid', NULL, 1, '0000-00-00 00:00:00', '0000-00-00 00:00:00'),
(50, 'maid50@gmail.com', '$2a$10$TB0ZOdUaSdWCJjXY5GnfquMEBw6WuBDaN5rRyGDIj4M6maqD51nES', 'maid50', 2, 'maid', NULL, 1, '0000-00-00 00:00:00', '0000-00-00 00:00:00'),
(51, 'maid51@gmail.com', '$2a$10$TB0ZOdUaSdWCJjXY5GnfquMEBw6WuBDaN5rRyGDIj4M6maqD51nES', 'maid51', 2, 'maid', NULL, 1, '0000-00-00 00:00:00', '0000-00-00 00:00:00'),
(52, 'maid52@gmail.com', '$2a$10$TB0ZOdUaSdWCJjXY5GnfquMEBw6WuBDaN5rRyGDIj4M6maqD51nES', 'maid52', 2, 'maid', NULL, 1, '0000-00-00 00:00:00', '0000-00-00 00:00:00'),
(53, 'maid53@gmail.com', '$2a$10$TB0ZOdUaSdWCJjXY5GnfquMEBw6WuBDaN5rRyGDIj4M6maqD51nES', 'maid53', 2, 'maid', NULL, 1, '0000-00-00 00:00:00', '0000-00-00 00:00:00'),
(54, 'maid54@gmail.com', '$2a$10$TB0ZOdUaSdWCJjXY5GnfquMEBw6WuBDaN5rRyGDIj4M6maqD51nES', 'maid54', 2, 'maid', NULL, 1, '0000-00-00 00:00:00', '0000-00-00 00:00:00'),
(55, 'maid55@gmail.com', '$2a$10$TB0ZOdUaSdWCJjXY5GnfquMEBw6WuBDaN5rRyGDIj4M6maqD51nES', 'maid55', 2, 'maid', NULL, 1, '0000-00-00 00:00:00', '0000-00-00 00:00:00'),
(56, 'maid56@gmail.com', '$2a$10$TB0ZOdUaSdWCJjXY5GnfquMEBw6WuBDaN5rRyGDIj4M6maqD51nES', 'maid56', 2, 'maid', NULL, 1, '0000-00-00 00:00:00', '0000-00-00 00:00:00'),
(57, 'maid57@gmail.com', '$2a$10$TB0ZOdUaSdWCJjXY5GnfquMEBw6WuBDaN5rRyGDIj4M6maqD51nES', 'maid57', 2, 'maid', NULL, 1, '0000-00-00 00:00:00', '0000-00-00 00:00:00'),
(58, 'maid58@gmail.com', '$2a$10$TB0ZOdUaSdWCJjXY5GnfquMEBw6WuBDaN5rRyGDIj4M6maqD51nES', 'maid58', 2, 'maid', NULL, 1, '0000-00-00 00:00:00', '0000-00-00 00:00:00'),
(59, 'maid59@gmail.com', '$2a$10$TB0ZOdUaSdWCJjXY5GnfquMEBw6WuBDaN5rRyGDIj4M6maqD51nES', 'maid59', 2, 'maid', NULL, 1, '0000-00-00 00:00:00', '0000-00-00 00:00:00'),
(60, 'maid60@gmail.com', '$2a$10$TB0ZOdUaSdWCJjXY5GnfquMEBw6WuBDaN5rRyGDIj4M6maqD51nES', 'maid60', 2, 'maid', NULL, 1, '0000-00-00 00:00:00', '0000-00-00 00:00:00'),
(61, 'maid61@gmail.com', '$2a$10$TB0ZOdUaSdWCJjXY5GnfquMEBw6WuBDaN5rRyGDIj4M6maqD51nES', 'maid61', 2, 'maid', NULL, 1, '0000-00-00 00:00:00', '0000-00-00 00:00:00'),
(62, 'maid62@gmail.com', '$2a$10$TB0ZOdUaSdWCJjXY5GnfquMEBw6WuBDaN5rRyGDIj4M6maqD51nES', 'maid62', 2, 'maid', NULL, 1, '0000-00-00 00:00:00', '0000-00-00 00:00:00'),
(63, 'maid63@gmail.com', '$2a$10$TB0ZOdUaSdWCJjXY5GnfquMEBw6WuBDaN5rRyGDIj4M6maqD51nES', 'maid63', 2, 'maid', NULL, 1, '0000-00-00 00:00:00', '0000-00-00 00:00:00'),
(64, 'maid64@gmail.com', '$2a$10$TB0ZOdUaSdWCJjXY5GnfquMEBw6WuBDaN5rRyGDIj4M6maqD51nES', 'maid64', 2, 'maid', NULL, 1, '0000-00-00 00:00:00', '0000-00-00 00:00:00'),
(65, 'maid65@gmail.com', '$2a$10$TB0ZOdUaSdWCJjXY5GnfquMEBw6WuBDaN5rRyGDIj4M6maqD51nES', 'maid65', 2, 'maid', NULL, 1, '0000-00-00 00:00:00', '0000-00-00 00:00:00'),
(66, 'maid66@gmail.com', '$2a$10$TB0ZOdUaSdWCJjXY5GnfquMEBw6WuBDaN5rRyGDIj4M6maqD51nES', 'maid66', 2, 'maid', NULL, 1, '0000-00-00 00:00:00', '0000-00-00 00:00:00'),
(67, 'maid67@gmail.com', '$2a$10$TB0ZOdUaSdWCJjXY5GnfquMEBw6WuBDaN5rRyGDIj4M6maqD51nES', 'maid67', 2, 'maid', NULL, 1, '0000-00-00 00:00:00', '0000-00-00 00:00:00'),
(68, 'maid68@gmail.com', '$2a$10$TB0ZOdUaSdWCJjXY5GnfquMEBw6WuBDaN5rRyGDIj4M6maqD51nES', 'maid68', 2, 'maid', NULL, 1, '0000-00-00 00:00:00', '0000-00-00 00:00:00'),
(69, 'maid69@gmail.com', '$2a$10$TB0ZOdUaSdWCJjXY5GnfquMEBw6WuBDaN5rRyGDIj4M6maqD51nES', 'maid69', 2, 'maid', NULL, 1, '0000-00-00 00:00:00', '0000-00-00 00:00:00'),
(70, 'maid70@gmail.com', '$2a$10$TB0ZOdUaSdWCJjXY5GnfquMEBw6WuBDaN5rRyGDIj4M6maqD51nES', 'maid70', 2, 'maid', NULL, 1, '0000-00-00 00:00:00', '0000-00-00 00:00:00'),
(71, 'maid71@gmail.com', '$2a$10$TB0ZOdUaSdWCJjXY5GnfquMEBw6WuBDaN5rRyGDIj4M6maqD51nES', 'maid71', 2, 'maid', NULL, 1, '0000-00-00 00:00:00', '0000-00-00 00:00:00'),
(72, 'maid72@gmail.com', '$2a$10$TB0ZOdUaSdWCJjXY5GnfquMEBw6WuBDaN5rRyGDIj4M6maqD51nES', 'maid72', 2, 'maid', NULL, 1, '0000-00-00 00:00:00', '0000-00-00 00:00:00'),
(73, 'maid73@gmail.com', '$2a$10$TB0ZOdUaSdWCJjXY5GnfquMEBw6WuBDaN5rRyGDIj4M6maqD51nES', 'maid73', 2, 'maid', NULL, 1, '0000-00-00 00:00:00', '0000-00-00 00:00:00'),
(74, 'maid74@gmail.com', '$2a$10$TB0ZOdUaSdWCJjXY5GnfquMEBw6WuBDaN5rRyGDIj4M6maqD51nES', 'maid74', 2, 'maid', NULL, 1, '0000-00-00 00:00:00', '0000-00-00 00:00:00'),
(75, 'maid75@gmail.com', '$2a$10$TB0ZOdUaSdWCJjXY5GnfquMEBw6WuBDaN5rRyGDIj4M6maqD51nES', 'maid75', 2, 'maid', NULL, 1, '0000-00-00 00:00:00', '0000-00-00 00:00:00'),
(76, 'maid76@gmail.com', '$2a$10$TB0ZOdUaSdWCJjXY5GnfquMEBw6WuBDaN5rRyGDIj4M6maqD51nES', 'maid76', 2, 'maid', NULL, 1, '0000-00-00 00:00:00', '0000-00-00 00:00:00'),
(77, 'maid77@gmail.com', '$2a$10$TB0ZOdUaSdWCJjXY5GnfquMEBw6WuBDaN5rRyGDIj4M6maqD51nES', 'maid77', 2, 'maid', NULL, 1, '0000-00-00 00:00:00', '0000-00-00 00:00:00'),
(78, 'maid78@gmail.com', '$2a$10$TB0ZOdUaSdWCJjXY5GnfquMEBw6WuBDaN5rRyGDIj4M6maqD51nES', 'maid78', 2, 'maid', NULL, 1, '0000-00-00 00:00:00', '0000-00-00 00:00:00'),
(79, 'maid79@gmail.com', '$2a$10$TB0ZOdUaSdWCJjXY5GnfquMEBw6WuBDaN5rRyGDIj4M6maqD51nES', 'maid79', 2, 'maid', NULL, 1, '0000-00-00 00:00:00', '0000-00-00 00:00:00'),
(80, 'maid80@gmail.com', '$2a$10$TB0ZOdUaSdWCJjXY5GnfquMEBw6WuBDaN5rRyGDIj4M6maqD51nES', 'maid80', 2, 'maid', NULL, 1, '0000-00-00 00:00:00', '0000-00-00 00:00:00'),
(81, 'maid81@gmail.com', '$2a$10$TB0ZOdUaSdWCJjXY5GnfquMEBw6WuBDaN5rRyGDIj4M6maqD51nES', 'maid81', 2, 'maid', NULL, 1, '0000-00-00 00:00:00', '0000-00-00 00:00:00'),
(82, 'maid82@gmail.com', '$2a$10$TB0ZOdUaSdWCJjXY5GnfquMEBw6WuBDaN5rRyGDIj4M6maqD51nES', 'maid82', 2, 'maid', NULL, 1, '0000-00-00 00:00:00', '0000-00-00 00:00:00'),
(83, 'maid83@gmail.com', '$2a$10$TB0ZOdUaSdWCJjXY5GnfquMEBw6WuBDaN5rRyGDIj4M6maqD51nES', 'maid83', 2, 'maid', NULL, 1, '0000-00-00 00:00:00', '0000-00-00 00:00:00'),
(84, 'maid84@gmail.com', '$2a$10$TB0ZOdUaSdWCJjXY5GnfquMEBw6WuBDaN5rRyGDIj4M6maqD51nES', 'maid84', 2, 'maid', NULL, 1, '0000-00-00 00:00:00', '0000-00-00 00:00:00'),
(85, 'maid85@gmail.com', '$2a$10$TB0ZOdUaSdWCJjXY5GnfquMEBw6WuBDaN5rRyGDIj4M6maqD51nES', 'maid85', 2, 'maid', NULL, 1, '0000-00-00 00:00:00', '0000-00-00 00:00:00'),
(86, 'maid86@gmail.com', '$2a$10$TB0ZOdUaSdWCJjXY5GnfquMEBw6WuBDaN5rRyGDIj4M6maqD51nES', 'maid86', 2, 'maid', NULL, 1, '0000-00-00 00:00:00', '0000-00-00 00:00:00'),
(87, 'maid87@gmail.com', '$2a$10$TB0ZOdUaSdWCJjXY5GnfquMEBw6WuBDaN5rRyGDIj4M6maqD51nES', 'maid87', 2, 'maid', NULL, 1, '0000-00-00 00:00:00', '0000-00-00 00:00:00'),
(88, 'maid88@gmail.com', '$2a$10$TB0ZOdUaSdWCJjXY5GnfquMEBw6WuBDaN5rRyGDIj4M6maqD51nES', 'maid88', 2, 'maid', NULL, 1, '0000-00-00 00:00:00', '0000-00-00 00:00:00'),
(89, 'maid89@gmail.com', '$2a$10$TB0ZOdUaSdWCJjXY5GnfquMEBw6WuBDaN5rRyGDIj4M6maqD51nES', 'maid89', 2, 'maid', NULL, 1, '0000-00-00 00:00:00', '0000-00-00 00:00:00'),
(90, 'maid90@gmail.com', '$2a$10$TB0ZOdUaSdWCJjXY5GnfquMEBw6WuBDaN5rRyGDIj4M6maqD51nES', 'maid90', 2, 'maid', NULL, 1, '0000-00-00 00:00:00', '0000-00-00 00:00:00'),
(91, 'maid91@gmail.com', '$2a$10$TB0ZOdUaSdWCJjXY5GnfquMEBw6WuBDaN5rRyGDIj4M6maqD51nES', 'maid91', 2, 'maid', NULL, 1, '0000-00-00 00:00:00', '0000-00-00 00:00:00'),
(92, 'maid92@gmail.com', '$2a$10$TB0ZOdUaSdWCJjXY5GnfquMEBw6WuBDaN5rRyGDIj4M6maqD51nES', 'maid92', 2, 'maid', NULL, 1, '0000-00-00 00:00:00', '0000-00-00 00:00:00'),
(93, 'maid93@gmail.com', '$2a$10$TB0ZOdUaSdWCJjXY5GnfquMEBw6WuBDaN5rRyGDIj4M6maqD51nES', 'maid93', 2, 'maid', NULL, 1, '0000-00-00 00:00:00', '0000-00-00 00:00:00'),
(94, 'maid94@gmail.com', '$2a$10$TB0ZOdUaSdWCJjXY5GnfquMEBw6WuBDaN5rRyGDIj4M6maqD51nES', 'maid94', 2, 'maid', NULL, 1, '0000-00-00 00:00:00', '0000-00-00 00:00:00'),
(95, 'maid95@gmail.com', '$2a$10$TB0ZOdUaSdWCJjXY5GnfquMEBw6WuBDaN5rRyGDIj4M6maqD51nES', 'maid95', 2, 'maid', NULL, 1, '0000-00-00 00:00:00', '0000-00-00 00:00:00'),
(96, 'maid96@gmail.com', '$2a$10$TB0ZOdUaSdWCJjXY5GnfquMEBw6WuBDaN5rRyGDIj4M6maqD51nES', 'maid96', 2, 'maid', NULL, 1, '0000-00-00 00:00:00', '0000-00-00 00:00:00'),
(97, 'maid97@gmail.com', '$2a$10$TB0ZOdUaSdWCJjXY5GnfquMEBw6WuBDaN5rRyGDIj4M6maqD51nES', 'maid97', 2, 'maid', NULL, 1, '0000-00-00 00:00:00', '0000-00-00 00:00:00'),
(98, 'maid98@gmail.com', '$2a$10$TB0ZOdUaSdWCJjXY5GnfquMEBw6WuBDaN5rRyGDIj4M6maqD51nES', 'maid98', 2, 'maid', NULL, 1, '0000-00-00 00:00:00', '0000-00-00 00:00:00'),
(99, 'maid99@gmail.com', '$2a$10$TB0ZOdUaSdWCJjXY5GnfquMEBw6WuBDaN5rRyGDIj4M6maqD51nES', 'maid99', 2, 'maid', NULL, 1, '0000-00-00 00:00:00', '0000-00-00 00:00:00'),
(100, 'maid100@gmail.com', '$2a$10$TB0ZOdUaSdWCJjXY5GnfquMEBw6WuBDaN5rRyGDIj4M6maqD51nES', 'maid100', 2, 'maid', NULL, 1, '0000-00-00 00:00:00', '0000-00-00 00:00:00'),
(101, 'user101@gmail.com', '$2a$10$TB0ZOdUaSdWCJjXY5GnfquMEBw6WuBDaN5rRyGDIj4M6maqD51nES', 'user101', 1, 'user', NULL, 1, '0000-00-00 00:00:00', '0000-00-00 00:00:00'),
(102, 'user102@gmail.com', '$2a$10$TB0ZOdUaSdWCJjXY5GnfquMEBw6WuBDaN5rRyGDIj4M6maqD51nES', 'user102', 1, 'user', NULL, 1, '0000-00-00 00:00:00', '0000-00-00 00:00:00'),
(103, 'user103@gmail.com', '$2a$10$TB0ZOdUaSdWCJjXY5GnfquMEBw6WuBDaN5rRyGDIj4M6maqD51nES', 'user103', 1, 'user', NULL, 1, '0000-00-00 00:00:00', '0000-00-00 00:00:00'),
(104, 'user104@gmail.com', '$2a$10$TB0ZOdUaSdWCJjXY5GnfquMEBw6WuBDaN5rRyGDIj4M6maqD51nES', 'user104', 1, 'user', NULL, 1, '0000-00-00 00:00:00', '0000-00-00 00:00:00'),
(105, 'user105@gmail.com', '$2a$10$TB0ZOdUaSdWCJjXY5GnfquMEBw6WuBDaN5rRyGDIj4M6maqD51nES', 'user105', 1, 'user', NULL, 1, '0000-00-00 00:00:00', '0000-00-00 00:00:00'),
(106, 'user106@gmail.com', '$2a$10$TB0ZOdUaSdWCJjXY5GnfquMEBw6WuBDaN5rRyGDIj4M6maqD51nES', 'user106', 1, 'user', NULL, 1, '0000-00-00 00:00:00', '0000-00-00 00:00:00'),
(107, 'user107@gmail.com', '$2a$10$TB0ZOdUaSdWCJjXY5GnfquMEBw6WuBDaN5rRyGDIj4M6maqD51nES', 'user107', 1, 'user', NULL, 1, '0000-00-00 00:00:00', '0000-00-00 00:00:00'),
(108, 'user108@gmail.com', '$2a$10$TB0ZOdUaSdWCJjXY5GnfquMEBw6WuBDaN5rRyGDIj4M6maqD51nES', 'user108', 1, 'user', NULL, 1, '0000-00-00 00:00:00', '0000-00-00 00:00:00'),
(109, 'user109@gmail.com', '$2a$10$TB0ZOdUaSdWCJjXY5GnfquMEBw6WuBDaN5rRyGDIj4M6maqD51nES', 'user109', 1, 'user', NULL, 1, '0000-00-00 00:00:00', '0000-00-00 00:00:00'),
(110, 'user110@gmail.com', '$2a$10$TB0ZOdUaSdWCJjXY5GnfquMEBw6WuBDaN5rRyGDIj4M6maqD51nES', 'user110', 1, 'user', NULL, 1, '0000-00-00 00:00:00', '0000-00-00 00:00:00'),
(111, 'user111@gmail.com', '$2a$10$TB0ZOdUaSdWCJjXY5GnfquMEBw6WuBDaN5rRyGDIj4M6maqD51nES', 'user111', 1, 'user', NULL, 1, '0000-00-00 00:00:00', '0000-00-00 00:00:00'),
(112, 'user112@gmail.com', '$2a$10$TB0ZOdUaSdWCJjXY5GnfquMEBw6WuBDaN5rRyGDIj4M6maqD51nES', 'user112', 1, 'user', NULL, 1, '0000-00-00 00:00:00', '0000-00-00 00:00:00'),
(113, 'user113@gmail.com', '$2a$10$TB0ZOdUaSdWCJjXY5GnfquMEBw6WuBDaN5rRyGDIj4M6maqD51nES', 'user113', 1, 'user', NULL, 1, '0000-00-00 00:00:00', '0000-00-00 00:00:00'),
(114, 'user114@gmail.com', '$2a$10$TB0ZOdUaSdWCJjXY5GnfquMEBw6WuBDaN5rRyGDIj4M6maqD51nES', 'user114', 1, 'user', NULL, 1, '0000-00-00 00:00:00', '0000-00-00 00:00:00'),
(115, 'user115@gmail.com', '$2a$10$TB0ZOdUaSdWCJjXY5GnfquMEBw6WuBDaN5rRyGDIj4M6maqD51nES', 'user115', 1, 'user', NULL, 1, '0000-00-00 00:00:00', '0000-00-00 00:00:00'),
(116, 'user116@gmail.com', '$2a$10$TB0ZOdUaSdWCJjXY5GnfquMEBw6WuBDaN5rRyGDIj4M6maqD51nES', 'user116', 1, 'user', NULL, 1, '0000-00-00 00:00:00', '0000-00-00 00:00:00'),
(117, 'user117@gmail.com', '$2a$10$TB0ZOdUaSdWCJjXY5GnfquMEBw6WuBDaN5rRyGDIj4M6maqD51nES', 'user117', 1, 'user', NULL, 1, '0000-00-00 00:00:00', '0000-00-00 00:00:00'),
(118, 'user118@gmail.com', '$2a$10$TB0ZOdUaSdWCJjXY5GnfquMEBw6WuBDaN5rRyGDIj4M6maqD51nES', 'user118', 1, 'user', NULL, 1, '0000-00-00 00:00:00', '0000-00-00 00:00:00'),
(119, 'user119@gmail.com', '$2a$10$TB0ZOdUaSdWCJjXY5GnfquMEBw6WuBDaN5rRyGDIj4M6maqD51nES', 'user119', 1, 'user', NULL, 1, '0000-00-00 00:00:00', '0000-00-00 00:00:00'),
(120, 'user120@gmail.com', '$2a$10$TB0ZOdUaSdWCJjXY5GnfquMEBw6WuBDaN5rRyGDIj4M6maqD51nES', 'user120', 1, 'user', NULL, 1, '0000-00-00 00:00:00', '0000-00-00 00:00:00'),
(121, 'user121@gmail.com', '$2a$10$TB0ZOdUaSdWCJjXY5GnfquMEBw6WuBDaN5rRyGDIj4M6maqD51nES', 'user121', 1, 'user', NULL, 1, '0000-00-00 00:00:00', '0000-00-00 00:00:00'),
(122, 'user122@gmail.com', '$2a$10$TB0ZOdUaSdWCJjXY5GnfquMEBw6WuBDaN5rRyGDIj4M6maqD51nES', 'user122', 1, 'user', NULL, 1, '0000-00-00 00:00:00', '0000-00-00 00:00:00'),
(123, 'user123@gmail.com', '$2a$10$TB0ZOdUaSdWCJjXY5GnfquMEBw6WuBDaN5rRyGDIj4M6maqD51nES', 'user123', 1, 'user', NULL, 1, '0000-00-00 00:00:00', '0000-00-00 00:00:00'),
(124, 'user124@gmail.com', '$2a$10$TB0ZOdUaSdWCJjXY5GnfquMEBw6WuBDaN5rRyGDIj4M6maqD51nES', 'user124', 1, 'user', NULL, 1, '0000-00-00 00:00:00', '0000-00-00 00:00:00'),
(125, 'user125@gmail.com', '$2a$10$TB0ZOdUaSdWCJjXY5GnfquMEBw6WuBDaN5rRyGDIj4M6maqD51nES', 'user125', 1, 'user', NULL, 1, '0000-00-00 00:00:00', '0000-00-00 00:00:00'),
(126, 'user126@gmail.com', '$2a$10$TB0ZOdUaSdWCJjXY5GnfquMEBw6WuBDaN5rRyGDIj4M6maqD51nES', 'user126', 1, 'user', NULL, 1, '0000-00-00 00:00:00', '0000-00-00 00:00:00'),
(127, 'user127@gmail.com', '$2a$10$TB0ZOdUaSdWCJjXY5GnfquMEBw6WuBDaN5rRyGDIj4M6maqD51nES', 'user127', 1, 'user', NULL, 1, '0000-00-00 00:00:00', '0000-00-00 00:00:00'),
(128, 'user128@gmail.com', '$2a$10$TB0ZOdUaSdWCJjXY5GnfquMEBw6WuBDaN5rRyGDIj4M6maqD51nES', 'user128', 1, 'user', NULL, 1, '0000-00-00 00:00:00', '0000-00-00 00:00:00'),
(129, 'user129@gmail.com', '$2a$10$TB0ZOdUaSdWCJjXY5GnfquMEBw6WuBDaN5rRyGDIj4M6maqD51nES', 'user129', 1, 'user', NULL, 1, '0000-00-00 00:00:00', '0000-00-00 00:00:00'),
(130, 'user130@gmail.com', '$2a$10$TB0ZOdUaSdWCJjXY5GnfquMEBw6WuBDaN5rRyGDIj4M6maqD51nES', 'user130', 1, 'user', NULL, 1, '0000-00-00 00:00:00', '0000-00-00 00:00:00'),
(131, 'user131@gmail.com', '$2a$10$TB0ZOdUaSdWCJjXY5GnfquMEBw6WuBDaN5rRyGDIj4M6maqD51nES', 'user131', 1, 'user', NULL, 1, '0000-00-00 00:00:00', '0000-00-00 00:00:00'),
(132, 'user132@gmail.com', '$2a$10$TB0ZOdUaSdWCJjXY5GnfquMEBw6WuBDaN5rRyGDIj4M6maqD51nES', 'user132', 1, 'user', NULL, 1, '0000-00-00 00:00:00', '0000-00-00 00:00:00'),
(133, 'user133@gmail.com', '$2a$10$TB0ZOdUaSdWCJjXY5GnfquMEBw6WuBDaN5rRyGDIj4M6maqD51nES', 'user133', 1, 'user', NULL, 1, '0000-00-00 00:00:00', '0000-00-00 00:00:00'),
(134, 'user134@gmail.com', '$2a$10$TB0ZOdUaSdWCJjXY5GnfquMEBw6WuBDaN5rRyGDIj4M6maqD51nES', 'user134', 1, 'user', NULL, 1, '0000-00-00 00:00:00', '0000-00-00 00:00:00'),
(135, 'user135@gmail.com', '$2a$10$TB0ZOdUaSdWCJjXY5GnfquMEBw6WuBDaN5rRyGDIj4M6maqD51nES', 'user135', 1, 'user', NULL, 1, '0000-00-00 00:00:00', '0000-00-00 00:00:00'),
(136, 'user136@gmail.com', '$2a$10$TB0ZOdUaSdWCJjXY5GnfquMEBw6WuBDaN5rRyGDIj4M6maqD51nES', 'user136', 1, 'user', NULL, 1, '0000-00-00 00:00:00', '0000-00-00 00:00:00'),
(137, 'user137@gmail.com', '$2a$10$TB0ZOdUaSdWCJjXY5GnfquMEBw6WuBDaN5rRyGDIj4M6maqD51nES', 'user137', 1, 'user', NULL, 1, '0000-00-00 00:00:00', '0000-00-00 00:00:00'),
(138, 'user138@gmail.com', '$2a$10$TB0ZOdUaSdWCJjXY5GnfquMEBw6WuBDaN5rRyGDIj4M6maqD51nES', 'user138', 1, 'user', NULL, 1, '0000-00-00 00:00:00', '0000-00-00 00:00:00'),
(139, 'user139@gmail.com', '$2a$10$TB0ZOdUaSdWCJjXY5GnfquMEBw6WuBDaN5rRyGDIj4M6maqD51nES', 'user139', 1, 'user', NULL, 1, '0000-00-00 00:00:00', '0000-00-00 00:00:00'),
(140, 'user140@gmail.com', '$2a$10$TB0ZOdUaSdWCJjXY5GnfquMEBw6WuBDaN5rRyGDIj4M6maqD51nES', 'user140', 1, 'user', NULL, 1, '0000-00-00 00:00:00', '0000-00-00 00:00:00'),
(141, 'user141@gmail.com', '$2a$10$TB0ZOdUaSdWCJjXY5GnfquMEBw6WuBDaN5rRyGDIj4M6maqD51nES', 'user141', 1, 'user', NULL, 1, '0000-00-00 00:00:00', '0000-00-00 00:00:00'),
(142, 'user142@gmail.com', '$2a$10$TB0ZOdUaSdWCJjXY5GnfquMEBw6WuBDaN5rRyGDIj4M6maqD51nES', 'user142', 1, 'user', NULL, 1, '0000-00-00 00:00:00', '0000-00-00 00:00:00'),
(143, 'user143@gmail.com', '$2a$10$TB0ZOdUaSdWCJjXY5GnfquMEBw6WuBDaN5rRyGDIj4M6maqD51nES', 'user143', 1, 'user', NULL, 1, '0000-00-00 00:00:00', '0000-00-00 00:00:00'),
(144, 'user144@gmail.com', '$2a$10$TB0ZOdUaSdWCJjXY5GnfquMEBw6WuBDaN5rRyGDIj4M6maqD51nES', 'user144', 1, 'user', NULL, 1, '0000-00-00 00:00:00', '0000-00-00 00:00:00'),
(145, 'user145@gmail.com', '$2a$10$TB0ZOdUaSdWCJjXY5GnfquMEBw6WuBDaN5rRyGDIj4M6maqD51nES', 'user145', 1, 'user', NULL, 1, '0000-00-00 00:00:00', '0000-00-00 00:00:00'),
(146, 'user146@gmail.com', '$2a$10$TB0ZOdUaSdWCJjXY5GnfquMEBw6WuBDaN5rRyGDIj4M6maqD51nES', 'user146', 1, 'user', NULL, 1, '0000-00-00 00:00:00', '0000-00-00 00:00:00'),
(147, 'user147@gmail.com', '$2a$10$TB0ZOdUaSdWCJjXY5GnfquMEBw6WuBDaN5rRyGDIj4M6maqD51nES', 'user147', 1, 'user', NULL, 1, '0000-00-00 00:00:00', '0000-00-00 00:00:00'),
(148, 'user148@gmail.com', '$2a$10$TB0ZOdUaSdWCJjXY5GnfquMEBw6WuBDaN5rRyGDIj4M6maqD51nES', 'user148', 1, 'user', NULL, 1, '0000-00-00 00:00:00', '0000-00-00 00:00:00'),
(149, 'user149@gmail.com', '$2a$10$TB0ZOdUaSdWCJjXY5GnfquMEBw6WuBDaN5rRyGDIj4M6maqD51nES', 'user149', 1, 'user', NULL, 1, '0000-00-00 00:00:00', '0000-00-00 00:00:00'),
(150, 'user150@gmail.com', '$2a$10$TB0ZOdUaSdWCJjXY5GnfquMEBw6WuBDaN5rRyGDIj4M6maqD51nES', 'user150', 1, 'user', NULL, 1, '0000-00-00 00:00:00', '0000-00-00 00:00:00'),
(151, 'user151@gmail.com', '$2a$10$TB0ZOdUaSdWCJjXY5GnfquMEBw6WuBDaN5rRyGDIj4M6maqD51nES', 'user151', 1, 'user', NULL, 1, '0000-00-00 00:00:00', '0000-00-00 00:00:00'),
(152, 'user152@gmail.com', '$2a$10$TB0ZOdUaSdWCJjXY5GnfquMEBw6WuBDaN5rRyGDIj4M6maqD51nES', 'user152', 1, 'user', NULL, 1, '0000-00-00 00:00:00', '0000-00-00 00:00:00'),
(153, 'user153@gmail.com', '$2a$10$TB0ZOdUaSdWCJjXY5GnfquMEBw6WuBDaN5rRyGDIj4M6maqD51nES', 'user153', 1, 'user', NULL, 1, '0000-00-00 00:00:00', '0000-00-00 00:00:00'),
(154, 'user154@gmail.com', '$2a$10$TB0ZOdUaSdWCJjXY5GnfquMEBw6WuBDaN5rRyGDIj4M6maqD51nES', 'user154', 1, 'user', NULL, 1, '0000-00-00 00:00:00', '0000-00-00 00:00:00'),
(155, 'user155@gmail.com', '$2a$10$TB0ZOdUaSdWCJjXY5GnfquMEBw6WuBDaN5rRyGDIj4M6maqD51nES', 'user155', 1, 'user', NULL, 1, '0000-00-00 00:00:00', '0000-00-00 00:00:00'),
(156, 'user156@gmail.com', '$2a$10$TB0ZOdUaSdWCJjXY5GnfquMEBw6WuBDaN5rRyGDIj4M6maqD51nES', 'user156', 1, 'user', NULL, 1, '0000-00-00 00:00:00', '0000-00-00 00:00:00'),
(157, 'user157@gmail.com', '$2a$10$TB0ZOdUaSdWCJjXY5GnfquMEBw6WuBDaN5rRyGDIj4M6maqD51nES', 'user157', 1, 'user', NULL, 1, '0000-00-00 00:00:00', '0000-00-00 00:00:00'),
(158, 'user158@gmail.com', '$2a$10$TB0ZOdUaSdWCJjXY5GnfquMEBw6WuBDaN5rRyGDIj4M6maqD51nES', 'user158', 1, 'user', NULL, 1, '0000-00-00 00:00:00', '0000-00-00 00:00:00'),
(159, 'user159@gmail.com', '$2a$10$TB0ZOdUaSdWCJjXY5GnfquMEBw6WuBDaN5rRyGDIj4M6maqD51nES', 'user159', 1, 'user', NULL, 1, '0000-00-00 00:00:00', '0000-00-00 00:00:00'),
(160, 'user160@gmail.com', '$2a$10$TB0ZOdUaSdWCJjXY5GnfquMEBw6WuBDaN5rRyGDIj4M6maqD51nES', 'user160', 1, 'user', NULL, 1, '0000-00-00 00:00:00', '0000-00-00 00:00:00'),
(161, 'user161@gmail.com', '$2a$10$TB0ZOdUaSdWCJjXY5GnfquMEBw6WuBDaN5rRyGDIj4M6maqD51nES', 'user161', 1, 'user', NULL, 1, '0000-00-00 00:00:00', '0000-00-00 00:00:00'),
(162, 'user162@gmail.com', '$2a$10$TB0ZOdUaSdWCJjXY5GnfquMEBw6WuBDaN5rRyGDIj4M6maqD51nES', 'user162', 1, 'user', NULL, 1, '0000-00-00 00:00:00', '0000-00-00 00:00:00'),
(163, 'user163@gmail.com', '$2a$10$TB0ZOdUaSdWCJjXY5GnfquMEBw6WuBDaN5rRyGDIj4M6maqD51nES', 'user163', 1, 'user', NULL, 1, '0000-00-00 00:00:00', '0000-00-00 00:00:00'),
(164, 'user164@gmail.com', '$2a$10$TB0ZOdUaSdWCJjXY5GnfquMEBw6WuBDaN5rRyGDIj4M6maqD51nES', 'user164', 1, 'user', NULL, 1, '0000-00-00 00:00:00', '0000-00-00 00:00:00'),
(165, 'user165@gmail.com', '$2a$10$TB0ZOdUaSdWCJjXY5GnfquMEBw6WuBDaN5rRyGDIj4M6maqD51nES', 'user165', 1, 'user', NULL, 1, '0000-00-00 00:00:00', '0000-00-00 00:00:00'),
(166, 'user166@gmail.com', '$2a$10$TB0ZOdUaSdWCJjXY5GnfquMEBw6WuBDaN5rRyGDIj4M6maqD51nES', 'user166', 1, 'user', NULL, 1, '0000-00-00 00:00:00', '0000-00-00 00:00:00'),
(167, 'user167@gmail.com', '$2a$10$TB0ZOdUaSdWCJjXY5GnfquMEBw6WuBDaN5rRyGDIj4M6maqD51nES', 'user167', 1, 'user', NULL, 1, '0000-00-00 00:00:00', '0000-00-00 00:00:00'),
(168, 'user168@gmail.com', '$2a$10$TB0ZOdUaSdWCJjXY5GnfquMEBw6WuBDaN5rRyGDIj4M6maqD51nES', 'user168', 1, 'user', NULL, 1, '0000-00-00 00:00:00', '0000-00-00 00:00:00'),
(169, 'user169@gmail.com', '$2a$10$TB0ZOdUaSdWCJjXY5GnfquMEBw6WuBDaN5rRyGDIj4M6maqD51nES', 'user169', 1, 'user', NULL, 1, '0000-00-00 00:00:00', '0000-00-00 00:00:00'),
(170, 'user170@gmail.com', '$2a$10$TB0ZOdUaSdWCJjXY5GnfquMEBw6WuBDaN5rRyGDIj4M6maqD51nES', 'user170', 1, 'user', NULL, 1, '0000-00-00 00:00:00', '0000-00-00 00:00:00'),
(171, 'user171@gmail.com', '$2a$10$TB0ZOdUaSdWCJjXY5GnfquMEBw6WuBDaN5rRyGDIj4M6maqD51nES', 'user171', 1, 'user', NULL, 1, '0000-00-00 00:00:00', '0000-00-00 00:00:00'),
(172, 'user172@gmail.com', '$2a$10$TB0ZOdUaSdWCJjXY5GnfquMEBw6WuBDaN5rRyGDIj4M6maqD51nES', 'user172', 1, 'user', NULL, 1, '0000-00-00 00:00:00', '0000-00-00 00:00:00'),
(173, 'user173@gmail.com', '$2a$10$TB0ZOdUaSdWCJjXY5GnfquMEBw6WuBDaN5rRyGDIj4M6maqD51nES', 'user173', 1, 'user', NULL, 1, '0000-00-00 00:00:00', '0000-00-00 00:00:00'),
(174, 'user174@gmail.com', '$2a$10$TB0ZOdUaSdWCJjXY5GnfquMEBw6WuBDaN5rRyGDIj4M6maqD51nES', 'user174', 1, 'user', NULL, 1, '0000-00-00 00:00:00', '0000-00-00 00:00:00'),
(175, 'user175@gmail.com', '$2a$10$TB0ZOdUaSdWCJjXY5GnfquMEBw6WuBDaN5rRyGDIj4M6maqD51nES', 'user175', 1, 'user', NULL, 1, '0000-00-00 00:00:00', '0000-00-00 00:00:00'),
(176, 'user176@gmail.com', '$2a$10$TB0ZOdUaSdWCJjXY5GnfquMEBw6WuBDaN5rRyGDIj4M6maqD51nES', 'user176', 1, 'user', NULL, 1, '0000-00-00 00:00:00', '0000-00-00 00:00:00'),
(177, 'user177@gmail.com', '$2a$10$TB0ZOdUaSdWCJjXY5GnfquMEBw6WuBDaN5rRyGDIj4M6maqD51nES', 'user177', 1, 'user', NULL, 1, '0000-00-00 00:00:00', '0000-00-00 00:00:00'),
(178, 'user178@gmail.com', '$2a$10$TB0ZOdUaSdWCJjXY5GnfquMEBw6WuBDaN5rRyGDIj4M6maqD51nES', 'user178', 1, 'user', NULL, 1, '0000-00-00 00:00:00', '0000-00-00 00:00:00'),
(179, 'user179@gmail.com', '$2a$10$TB0ZOdUaSdWCJjXY5GnfquMEBw6WuBDaN5rRyGDIj4M6maqD51nES', 'user179', 1, 'user', NULL, 1, '0000-00-00 00:00:00', '0000-00-00 00:00:00'),
(180, 'user180@gmail.com', '$2a$10$TB0ZOdUaSdWCJjXY5GnfquMEBw6WuBDaN5rRyGDIj4M6maqD51nES', 'user180', 1, 'user', NULL, 1, '0000-00-00 00:00:00', '0000-00-00 00:00:00'),
(181, 'user181@gmail.com', '$2a$10$TB0ZOdUaSdWCJjXY5GnfquMEBw6WuBDaN5rRyGDIj4M6maqD51nES', 'user181', 1, 'user', NULL, 1, '0000-00-00 00:00:00', '0000-00-00 00:00:00'),
(182, 'user182@gmail.com', '$2a$10$TB0ZOdUaSdWCJjXY5GnfquMEBw6WuBDaN5rRyGDIj4M6maqD51nES', 'user182', 1, 'user', NULL, 1, '0000-00-00 00:00:00', '0000-00-00 00:00:00'),
(183, 'user183@gmail.com', '$2a$10$TB0ZOdUaSdWCJjXY5GnfquMEBw6WuBDaN5rRyGDIj4M6maqD51nES', 'user183', 1, 'user', NULL, 1, '0000-00-00 00:00:00', '0000-00-00 00:00:00'),
(184, 'user184@gmail.com', '$2a$10$TB0ZOdUaSdWCJjXY5GnfquMEBw6WuBDaN5rRyGDIj4M6maqD51nES', 'user184', 1, 'user', NULL, 1, '0000-00-00 00:00:00', '0000-00-00 00:00:00'),
(185, 'user185@gmail.com', '$2a$10$TB0ZOdUaSdWCJjXY5GnfquMEBw6WuBDaN5rRyGDIj4M6maqD51nES', 'user185', 1, 'user', NULL, 1, '0000-00-00 00:00:00', '0000-00-00 00:00:00'),
(186, 'user186@gmail.com', '$2a$10$TB0ZOdUaSdWCJjXY5GnfquMEBw6WuBDaN5rRyGDIj4M6maqD51nES', 'user186', 1, 'user', NULL, 1, '0000-00-00 00:00:00', '0000-00-00 00:00:00'),
(187, 'user187@gmail.com', '$2a$10$TB0ZOdUaSdWCJjXY5GnfquMEBw6WuBDaN5rRyGDIj4M6maqD51nES', 'user187', 1, 'user', NULL, 1, '0000-00-00 00:00:00', '0000-00-00 00:00:00'),
(188, 'user188@gmail.com', '$2a$10$TB0ZOdUaSdWCJjXY5GnfquMEBw6WuBDaN5rRyGDIj4M6maqD51nES', 'user188', 1, 'user', NULL, 1, '0000-00-00 00:00:00', '0000-00-00 00:00:00'),
(189, 'user189@gmail.com', '$2a$10$TB0ZOdUaSdWCJjXY5GnfquMEBw6WuBDaN5rRyGDIj4M6maqD51nES', 'user189', 1, 'user', NULL, 1, '0000-00-00 00:00:00', '0000-00-00 00:00:00'),
(190, 'user190@gmail.com', '$2a$10$TB0ZOdUaSdWCJjXY5GnfquMEBw6WuBDaN5rRyGDIj4M6maqD51nES', 'user190', 1, 'user', NULL, 1, '0000-00-00 00:00:00', '0000-00-00 00:00:00'),
(191, 'user191@gmail.com', '$2a$10$TB0ZOdUaSdWCJjXY5GnfquMEBw6WuBDaN5rRyGDIj4M6maqD51nES', 'user191', 1, 'user', NULL, 1, '0000-00-00 00:00:00', '0000-00-00 00:00:00'),
(192, 'user192@gmail.com', '$2a$10$TB0ZOdUaSdWCJjXY5GnfquMEBw6WuBDaN5rRyGDIj4M6maqD51nES', 'user192', 1, 'user', NULL, 1, '0000-00-00 00:00:00', '0000-00-00 00:00:00'),
(193, 'user193@gmail.com', '$2a$10$TB0ZOdUaSdWCJjXY5GnfquMEBw6WuBDaN5rRyGDIj4M6maqD51nES', 'user193', 1, 'user', NULL, 1, '0000-00-00 00:00:00', '0000-00-00 00:00:00'),
(194, 'user194@gmail.com', '$2a$10$TB0ZOdUaSdWCJjXY5GnfquMEBw6WuBDaN5rRyGDIj4M6maqD51nES', 'user194', 1, 'user', NULL, 1, '0000-00-00 00:00:00', '0000-00-00 00:00:00'),
(195, 'user195@gmail.com', '$2a$10$TB0ZOdUaSdWCJjXY5GnfquMEBw6WuBDaN5rRyGDIj4M6maqD51nES', 'user195', 1, 'user', NULL, 1, '0000-00-00 00:00:00', '0000-00-00 00:00:00'),
(196, 'user196@gmail.com', '$2a$10$TB0ZOdUaSdWCJjXY5GnfquMEBw6WuBDaN5rRyGDIj4M6maqD51nES', 'user196', 1, 'user', NULL, 1, '0000-00-00 00:00:00', '0000-00-00 00:00:00'),
(197, 'user197@gmail.com', '$2a$10$TB0ZOdUaSdWCJjXY5GnfquMEBw6WuBDaN5rRyGDIj4M6maqD51nES', 'user197', 1, 'user', NULL, 1, '0000-00-00 00:00:00', '0000-00-00 00:00:00'),
(198, 'user198@gmail.com', '$2a$10$TB0ZOdUaSdWCJjXY5GnfquMEBw6WuBDaN5rRyGDIj4M6maqD51nES', 'user198', 1, 'user', NULL, 1, '0000-00-00 00:00:00', '0000-00-00 00:00:00'),
(199, 'user199@gmail.com', '$2a$10$TB0ZOdUaSdWCJjXY5GnfquMEBw6WuBDaN5rRyGDIj4M6maqD51nES', 'user199', 1, 'user', NULL, 1, '0000-00-00 00:00:00', '0000-00-00 00:00:00'),
(200, 'user200@gmail.com', '$2a$10$TB0ZOdUaSdWCJjXY5GnfquMEBw6WuBDaN5rRyGDIj4M6maqD51nES', 'user200', 1, 'user', NULL, 1, '0000-00-00 00:00:00', '0000-00-00 00:00:00'),
(201, 'adm@gmail.com', '$2a$10$TB0ZOdUaSdWCJjXY5GnfquMEBw6WuBDaN5rRyGDIj4M6maqD51nES', 'maid1', 0, 'ADMIN', NULL, NULL, '0000-00-00 00:00:00', '0000-00-00 00:00:00'),
(202, 'vietanh87.forwork@gmail.com', '$2a$10$KpwZYNj0isSo2BMvn9lzQu6TUqN3qgVJOXnN3l5Jj19BtYpNQAO.W', 'anh.nv194477@sis.hust.edu.vn', 1, 'User', NULL, NULL, '2023-07-09 21:19:14', '2023-07-09 21:19:14'),
(203, 'vietanh872001@gmail.com', '$2a$10$xW4qTbrXF3L6ue9iOBxPLOToBuGcdB3EC5EIVk/sTAZr9lkcTdx/O', 'vietanh123', 2, 'Maid', NULL, NULL, '2023-07-10 09:26:51', '2023-07-10 09:26:51'),
(204, 'anh.nv194477@sis.hust.edu.vn', '$2a$10$xW4qTbrXF3L6ue9iOBxPLOfRC9CYHzPj433lp3dxrretixhhHJqc6', '123123', 2, 'Maid', NULL, NULL, '2023-07-10 09:29:19', '2023-07-10 09:29:19');

-- --------------------------------------------------------

--
-- Table structure for table `user_profile`
--

CREATE TABLE `user_profile` (
  `id` int(11) NOT NULL,
  `UserID` int(11) NOT NULL,
  `first_name` varchar(255) DEFAULT NULL,
  `last_name` varchar(255) DEFAULT NULL,
  `phone_number` varchar(255) DEFAULT NULL,
  `address` varchar(255) DEFAULT NULL,
  `city` varchar(255) DEFAULT NULL,
  `country` varchar(255) DEFAULT NULL,
  `description` varchar(255) DEFAULT NULL,
  `avatar_url` varchar(255) DEFAULT NULL,
  `createdAt` datetime NOT NULL,
  `updatedAt` datetime NOT NULL
) ENGINE=InnoDB DEFAULT CHARSET=utf8mb4 COLLATE=utf8mb4_general_ci;

--
-- Dumping data for table `user_profile`
--

INSERT INTO `user_profile` (`id`, `UserID`, `first_name`, `last_name`, `phone_number`, `address`, `city`, `country`, `description`, `avatar_url`, `createdAt`, `updatedAt`) VALUES
(1, 101, 'Vanessa', 'Emmerich345345345', '(575) 882-4863 x02155', 'Ruthe Meadow345345345', 'Lake Nealton', 'Saint Barthelemyasdsdfsdf', 'Facere animi sed similique saepe inventore laboriosam natus. Commodi repudiandae sunt placeat tenetur quos commodi illo. Sit aliquid ducimus unde officiis.', 'https://avatars.githubusercontent.com/u/10992342', '2023-07-08 08:15:14', '2023-07-10 13:41:15'),
(2, 102, 'Deondre', 'Batz', '1-725-452-5511 x363', 'Rosenbaum Lock', 'West Mellie', 'Latvia', 'Natus enim id perspiciatis temporibus. Nisi excepturi iusto esse enim fugit illo. Assumenda vitae eius mollitia dolores.', 'https://avatars.githubusercontent.com/u/45790175', '2023-07-08 08:15:14', '2023-07-08 08:15:14'),
(3, 103, 'Marco', 'Dare', '482.787.3653 x9384', 'Etha Forest', 'Citrus Heights', 'Slovakia', 'Ipsa ipsam necessitatibus dolore veritatis itaque debitis odit numquam cum. Asperiores maiores molestiae eaque harum. Ex mollitia tempore ut expedita debitis.', 'https://avatars.githubusercontent.com/u/86066315', '2023-07-08 08:15:14', '2023-07-08 08:15:14'),
(4, 104, 'Hosea', 'Boyle', '625.284.7803 x555', 'Garrison Heights', 'Millsborough', 'Eritrea', 'Eius eaque architecto repellendus unde at ea nesciunt. Perspiciatis est in vero fugiat tenetur quam accusantium. Beatae ipsam natus nesciunt.', 'https://avatars.githubusercontent.com/u/40417737', '2023-07-08 08:15:14', '2023-07-08 08:15:14'),
(5, 105, 'Anissa', 'Fay', '(988) 693-1228 x43398', 'Anabel Hollow', 'North Madeline', 'Congo', 'Voluptatem suscipit illum. Ratione magnam tenetur nemo. Voluptas nesciunt laboriosam.', 'https://avatars.githubusercontent.com/u/75155097', '2023-07-08 08:15:14', '2023-07-08 08:15:14'),
(6, 106, 'Gregoria', 'Olson', '482-932-2494', 'Stroman Green', 'New Zoraburgh', 'Slovenia', 'Ab sapiente saepe nesciunt possimus eum dolorum maiores aliquam. Repellendus placeat ab aliquam ipsa aliquid. Provident nesciunt rem suscipit saepe impedit aut quis.', 'https://cloudflare-ipfs.com/ipfs/Qmd3W5DuhgHirLHGVixi6V76LhCkZUz6pnFt5AJBiyvHye/avatar/315.jpg', '2023-07-08 08:15:14', '2023-07-08 08:15:14'),
(7, 107, 'Luz', 'Reynolds', '1-697-768-2450', 'Mckayla Burgs', 'Jastside', 'Cambodia', 'Recusandae aspernatur deserunt consequuntur ipsa facilis vitae. Numquam in possimus beatae praesentium voluptates molestiae necessitatibus corrupti. Culpa autem nam.', 'https://avatars.githubusercontent.com/u/33055132', '2023-07-08 08:15:14', '2023-07-08 08:15:14'),
(8, 108, 'Marianna', 'Paucek-Schinner', '432.966.1404 x88296', 'Rodrigo Courts', 'Devanfort', 'Botswana', 'Nisi commodi illum eveniet. Iste dolorum doloribus. Molestias magnam molestiae.', 'https://avatars.githubusercontent.com/u/2266741', '2023-07-08 08:15:14', '2023-07-08 08:15:14'),
(9, 109, 'Forrest', 'Wilderman', '857-490-4781 x1294', 'Schuyler Key', 'Meggieberg', 'French Guiana', 'Illum fugit corrupti amet itaque exercitationem dicta repudiandae. Autem consectetur voluptates earum ut. Dolor impedit sint et ducimus iste rem minus asperiores.', 'https://avatars.githubusercontent.com/u/64679022', '2023-07-08 08:15:14', '2023-07-08 08:15:14'),
(10, 110, 'Norbert', 'Wuckert', '881.766.6031 x1767', 'Lang Ford', 'Lake Etha', 'Dominican Republic', 'Voluptates nisi consequuntur rerum in id consequatur earum. In doloremque reprehenderit modi dolores illum. Animi amet animi saepe temporibus laboriosam quis.', 'https://avatars.githubusercontent.com/u/96560116', '2023-07-08 08:15:14', '2023-07-08 08:15:14'),
(11, 111, 'Alek', 'Von-Harber', '1-784-797-7155 x34245', 'Tianna Hill', 'Port Rosamond', 'Brazil', 'Ullam iste nam deleniti quo dolorum placeat tempore odio. Ipsam corporis voluptatibus voluptate reiciendis aliquid maxime pariatur nesciunt. Accusamus labore quidem.', 'https://cloudflare-ipfs.com/ipfs/Qmd3W5DuhgHirLHGVixi6V76LhCkZUz6pnFt5AJBiyvHye/avatar/563.jpg', '2023-07-08 08:15:14', '2023-07-08 08:15:14'),
(12, 112, 'Arvel', 'Stamm', '(654) 907-0379 x571', 'Gottlieb Pass', 'Justinaburgh', 'Serbia', 'Vel repudiandae possimus laborum doloribus quo. Dignissimos aliquam labore facilis nesciunt ullam. Voluptas dolores aut delectus.', 'https://cloudflare-ipfs.com/ipfs/Qmd3W5DuhgHirLHGVixi6V76LhCkZUz6pnFt5AJBiyvHye/avatar/1064.jpg', '2023-07-08 08:15:14', '2023-07-08 08:15:14'),
(13, 113, 'Jordyn', 'Breitenberg', '1-929-810-6202 x22311', 'Lehner Junctions', 'Brigitteburgh', 'United Kingdom', 'Asperiores magnam necessitatibus suscipit sunt autem quaerat assumenda quos eligendi. Libero ullam provident inventore dicta quo. Omnis soluta consequuntur quaerat ad culpa.', 'https://avatars.githubusercontent.com/u/9137975', '2023-07-08 08:15:14', '2023-07-08 08:15:14'),
(14, 114, 'Fabian', 'Franecki', '(779) 886-2545', 'Bechtelar Light', 'Lake Sidneyville', 'Tanzania', 'Quidem fugit exercitationem molestias doloribus. Nisi molestias deleniti laudantium maiores quisquam perferendis. Amet facilis vel optio quis adipisci.', 'https://avatars.githubusercontent.com/u/68173281', '2023-07-08 08:15:14', '2023-07-08 08:15:14'),
(15, 115, 'Thurman', 'Schoen', '(845) 321-6597 x29027', 'Marquardt Walks', 'East Lansing', 'Guatemala', 'Quisquam cumque quod. Odit velit aperiam id. Iure perferendis impedit atque veritatis.', 'https://avatars.githubusercontent.com/u/95230192', '2023-07-08 08:15:14', '2023-07-08 08:15:14'),
(16, 116, 'Greta', 'Aufderhar', '(463) 391-9507', 'Schiller Alley', 'Palm Harbor', 'Dominican Republic', 'Ab repellat officia. Non eos consectetur aliquid recusandae qui. Asperiores iste eveniet id corrupti totam cupiditate facere eaque soluta.', 'https://cloudflare-ipfs.com/ipfs/Qmd3W5DuhgHirLHGVixi6V76LhCkZUz6pnFt5AJBiyvHye/avatar/956.jpg', '2023-07-08 08:15:14', '2023-07-08 08:15:14'),
(17, 117, 'Leif', 'O\'Hara', '1-835-331-5293 x645', 'Estrella Cove', 'Tyriqueborough', 'Bonaire, Sint Eustatius and Saba', 'Consectetur magnam consequuntur temporibus. Architecto blanditiis aperiam laborum dolorem sit aliquam est ipsa nam. Adipisci possimus necessitatibus maxime ab error blanditiis.', 'https://cloudflare-ipfs.com/ipfs/Qmd3W5DuhgHirLHGVixi6V76LhCkZUz6pnFt5AJBiyvHye/avatar/426.jpg', '2023-07-08 08:15:14', '2023-07-08 08:15:14'),
(18, 118, 'Bernie', 'Gorczany-Runolfsson', '751-209-7169', 'Bogisich Club', 'Josianemouth', 'Guinea', 'Quae tenetur fugiat dolores molestiae nesciunt. Quisquam expedita eveniet vero. Atque optio aliquam fuga hic ut.', 'https://cloudflare-ipfs.com/ipfs/Qmd3W5DuhgHirLHGVixi6V76LhCkZUz6pnFt5AJBiyvHye/avatar/355.jpg', '2023-07-08 08:15:14', '2023-07-08 08:15:14'),
(19, 119, 'Muhammad', 'Treutel', '1-345-712-7042 x7474', 'Beer Shores', 'New Kelleyland', 'Peru', 'Porro doloribus quis adipisci. Dolorem qui consectetur exercitationem voluptatem. Adipisci possimus ipsa soluta ad impedit.', 'https://avatars.githubusercontent.com/u/97549055', '2023-07-08 08:15:14', '2023-07-08 08:15:14'),
(20, 120, 'Francesca', 'Schuppe', '405-286-0453 x486', 'Eldridge Views', 'Moshestead', 'Uruguay', 'Illo earum minus sint tempore esse earum dicta libero. Cumque eveniet quos ut ducimus enim ullam saepe officiis veniam. Impedit in rerum odit numquam non.', 'https://cloudflare-ipfs.com/ipfs/Qmd3W5DuhgHirLHGVixi6V76LhCkZUz6pnFt5AJBiyvHye/avatar/91.jpg', '2023-07-08 08:15:14', '2023-07-08 08:15:14'),
(21, 121, 'Olaf', 'Bosco', '844.922.8939 x2613', 'Conrad Trail', 'El Cajon', 'Romania', 'Excepturi sint maiores et. Reiciendis deserunt ratione maiores. Praesentium nam modi rem praesentium adipisci quas veniam similique doloremque.', 'https://cloudflare-ipfs.com/ipfs/Qmd3W5DuhgHirLHGVixi6V76LhCkZUz6pnFt5AJBiyvHye/avatar/370.jpg', '2023-07-08 08:15:14', '2023-07-08 08:15:14'),
(22, 122, 'Xander', 'Batz-Boyle', '(229) 951-5513 x30332', 'Orn Extensions', 'West Keonchester', 'Russian Federation', 'Sint quas molestias vero commodi quia culpa dicta numquam eveniet. Atque modi in. Recusandae labore facere minus modi.', 'https://avatars.githubusercontent.com/u/7889811', '2023-07-08 08:15:14', '2023-07-08 08:15:14'),
(23, 123, 'Earl', 'Leuschke', '(901) 221-4165 x67449', 'Moore Isle', 'East Susannaton', 'Cayman Islands', 'Explicabo molestiae dolorum corrupti necessitatibus magnam fuga nemo dolores praesentium. Molestiae culpa consequuntur nihil cupiditate. Molestiae tempore repellat autem.', 'https://avatars.githubusercontent.com/u/8967659', '2023-07-08 08:15:14', '2023-07-08 08:15:14'),
(24, 124, 'Alek', 'Jenkins', '(398) 659-4713', 'D\'Amore Radial', 'South Maud', 'Morocco', 'Cumque mollitia distinctio adipisci explicabo. Rem itaque dolore blanditiis provident dolores corporis sit. Explicabo omnis illum hic nam.', 'https://cloudflare-ipfs.com/ipfs/Qmd3W5DuhgHirLHGVixi6V76LhCkZUz6pnFt5AJBiyvHye/avatar/726.jpg', '2023-07-08 08:15:14', '2023-07-08 08:15:14'),
(25, 125, 'Waldo', 'Hodkiewicz', '360-519-6402 x3321', 'Huel Burg', 'West Dell', 'Guatemala', 'Vero fuga facilis atque excepturi sit et ab tempora. Est molestiae atque minima vero. Numquam natus perspiciatis soluta facere nam iusto error.', 'https://avatars.githubusercontent.com/u/67912213', '2023-07-08 08:15:14', '2023-07-08 08:15:14'),
(26, 126, 'Oma', 'Conn', '(831) 486-3532 x73916', 'Antonette Fall', 'Chandler', 'Saint Vincent and the Grenadines', 'Omnis facilis eaque magnam provident quas harum. Doloremque sit saepe nostrum tempore dignissimos quos sapiente suscipit. Facilis vitae et dolorum blanditiis.', 'https://avatars.githubusercontent.com/u/6535566', '2023-07-08 08:15:14', '2023-07-08 08:15:14'),
(27, 127, 'Enrico', 'Ankunding', '321-797-7516 x9749', 'Funk Gardens', 'O\'Haraboro', 'Poland', 'Aliquid atque quaerat. Modi numquam quasi nostrum ipsam qui. Dolorem culpa totam alias inventore est corporis aut.', 'https://avatars.githubusercontent.com/u/81079499', '2023-07-08 08:15:14', '2023-07-08 08:15:14'),
(28, 128, 'Fiona', 'Brakus', '1-711-456-4358 x086', 'Dickens Haven', 'South Maximofort', 'Denmark', 'Praesentium non blanditiis dolore ut molestiae eius fugit ex. Neque ut animi quod aliquam non nostrum praesentium assumenda. Beatae ducimus error ab maxime ea facere.', 'https://avatars.githubusercontent.com/u/76642351', '2023-07-08 08:15:14', '2023-07-08 08:15:14'),
(29, 129, 'Tyler', 'Romaguera', '797-298-9943', 'Tillman Groves', 'Lake Florian', 'Syrian Arab Republic', 'Officia ducimus aut ipsam amet. Numquam ut facere aut aspernatur eveniet impedit adipisci non at. Deserunt dolores asperiores.', 'https://cloudflare-ipfs.com/ipfs/Qmd3W5DuhgHirLHGVixi6V76LhCkZUz6pnFt5AJBiyvHye/avatar/395.jpg', '2023-07-08 08:15:14', '2023-07-08 08:15:14'),
(30, 130, 'Katharina', 'Pacocha', '371.973.9204', 'Russel Views', 'Ocala', 'Sao Tome and Principe', 'Doloremque quidem modi at ipsam odio. Ex consequatur consequatur. Alias rerum quis accusantium incidunt.', 'https://avatars.githubusercontent.com/u/69337380', '2023-07-08 08:15:14', '2023-07-08 08:15:14'),
(31, 131, 'Vaughn', 'Champlin', '950-995-0703 x9464', 'Michaela Crossroad', 'Jersey City', 'Heard Island and McDonald Islands', 'Vel exercitationem animi doloremque rerum fugiat officia. Blanditiis animi nam reiciendis ipsam explicabo aliquam recusandae voluptates inventore. Veniam repellendus dolorem repellat impedit.', 'https://cloudflare-ipfs.com/ipfs/Qmd3W5DuhgHirLHGVixi6V76LhCkZUz6pnFt5AJBiyvHye/avatar/113.jpg', '2023-07-08 08:15:14', '2023-07-08 08:15:14'),
(32, 132, 'Dayana', 'Keeling', '539.210.2639 x495', 'Von Islands', 'Oakland Park', 'Lebanon', 'Dolore numquam sed corrupti laboriosam iure minus eum. Odit occaecati eum nihil quos voluptatum dolor earum. Ratione dolorum omnis facilis blanditiis.', 'https://avatars.githubusercontent.com/u/45538185', '2023-07-08 08:15:14', '2023-07-08 08:15:14'),
(33, 133, 'Wendy', 'Bednar', '265.553.5073 x1562', 'Goyette Ports', 'Delray Beach', 'Western Sahara', 'Culpa odio eius eius dolore a error. Nisi nesciunt omnis nemo placeat ratione. Aspernatur incidunt expedita alias sit nisi voluptates perspiciatis.', 'https://avatars.githubusercontent.com/u/6851890', '2023-07-08 08:15:14', '2023-07-08 08:15:14'),
(34, 134, 'Dessie', 'McClure', '303-936-5833', 'Hilll Key', 'New Maxiestead', 'Christmas Island', 'Tempora odio iure mollitia earum et veritatis nostrum ab quis. Illum iure earum. Rerum sunt eum.', 'https://avatars.githubusercontent.com/u/26422064', '2023-07-08 08:15:14', '2023-07-08 08:15:14'),
(35, 135, 'Francisco', 'Bashirian', '773-940-4004 x3638', 'Ziemann Causeway', 'Fayville', 'Estonia', 'Necessitatibus quibusdam quibusdam vitae corrupti. Accusantium exercitationem fugiat laboriosam iste. Quisquam distinctio facilis aliquid molestiae facilis.', 'https://avatars.githubusercontent.com/u/96234987', '2023-07-08 08:15:14', '2023-07-08 08:15:14'),
(36, 136, 'Monserrate', 'Green-Renner', '1-936-539-5321 x51434', 'Yost Ways', 'Langoshtown', 'Virgin Islands, British', 'Accusamus ea quas impedit aliquid recusandae. Qui delectus nemo facilis itaque. Quis repudiandae mollitia recusandae recusandae eum accusamus error doloremque inventore.', 'https://avatars.githubusercontent.com/u/74779649', '2023-07-08 08:15:14', '2023-07-08 08:15:14'),
(37, 137, 'Hazel', 'Mraz', '846.769.4604', 'Adrian Extensions', 'Lake Dextertown', 'Niue', 'Quibusdam repudiandae eveniet ut hic ducimus veritatis nesciunt tenetur. Iusto inventore nesciunt aliquam molestias. Qui assumenda accusamus aliquid placeat et officia sit.', 'https://cloudflare-ipfs.com/ipfs/Qmd3W5DuhgHirLHGVixi6V76LhCkZUz6pnFt5AJBiyvHye/avatar/259.jpg', '2023-07-08 08:15:14', '2023-07-08 08:15:14'),
(38, 138, 'Vern', 'Sauer', '994-412-0304 x1919', 'Briana Lights', 'New Fritzstead', 'Indonesia', 'Vitae reiciendis error excepturi. Nesciunt commodi accusamus corporis nostrum dicta laboriosam molestias eos. Eum dolores consequatur accusantium perspiciatis magnam odit at quibusdam.', 'https://avatars.githubusercontent.com/u/1088618', '2023-07-08 08:15:14', '2023-07-08 08:15:14'),
(39, 139, 'Rollin', 'Reinger', '217.396.5121', 'Howell Estate', 'Kiphaven', 'Brazil', 'Odio impedit ut. Ipsum recusandae fugiat nam quisquam explicabo consequuntur ipsum. Voluptatibus aperiam occaecati iste dolore deserunt sunt quisquam.', 'https://avatars.githubusercontent.com/u/97356118', '2023-07-08 08:15:14', '2023-07-08 08:15:14'),
(40, 140, 'Donny', 'Schinner', '(235) 678-3631', 'Koss Groves', 'Apple Valley', 'Iran', 'Illum dicta delectus eveniet unde quaerat. Enim sit adipisci ad modi aperiam assumenda blanditiis. Fugit minus fugiat natus eum.', 'https://avatars.githubusercontent.com/u/7398949', '2023-07-08 08:15:14', '2023-07-08 08:15:14'),
(41, 141, 'Alena', 'Pouros', '753.225.7379', 'Orion Ports', 'Port Javier', 'Malawi', 'Saepe earum ea corporis ex suscipit eum. Quam esse minus repellat suscipit architecto. Enim placeat itaque.', 'https://avatars.githubusercontent.com/u/1511538', '2023-07-08 08:15:14', '2023-07-08 08:15:14'),
(42, 142, 'Shayne', 'Mertz', '1-808-299-1308 x5198', 'Stacy River', 'Hillsville', 'Rwanda', 'Mollitia aut beatae eos quibusdam. Consequatur totam unde iste. Possimus vitae excepturi cumque doloribus accusamus aliquid adipisci eius.', 'https://cloudflare-ipfs.com/ipfs/Qmd3W5DuhgHirLHGVixi6V76LhCkZUz6pnFt5AJBiyvHye/avatar/1035.jpg', '2023-07-08 08:15:14', '2023-07-08 08:15:14'),
(43, 143, 'Myriam', 'Stoltenberg', '1-917-211-9615 x93113', 'Cristopher Coves', 'Waelchiworth', 'Turks and Caicos Islands', 'Reprehenderit quis dicta neque. Dolores perferendis qui necessitatibus beatae cum. Suscipit quidem odit magni numquam reiciendis repellendus libero sunt molestias.', 'https://avatars.githubusercontent.com/u/47922128', '2023-07-08 08:15:14', '2023-07-08 08:15:14'),
(44, 144, 'Amara', 'Hoppe', '914-735-9852 x370', 'Asha Streets', 'Cummerataland', 'Saint Pierre and Miquelon', 'Tenetur eius ad. Molestiae ducimus illo asperiores labore similique non iste voluptates nemo. Ipsa deserunt rem nostrum error.', 'https://avatars.githubusercontent.com/u/43646675', '2023-07-08 08:15:14', '2023-07-08 08:15:14'),
(45, 145, 'Georgette', 'Parisian', '364.329.0883 x67409', 'Mraz Spur', 'Lake Terry', 'Bahamas', 'Laborum reprehenderit excepturi nobis temporibus eum corporis. Ipsa adipisci beatae perspiciatis quisquam eaque. Esse nesciunt soluta possimus molestias incidunt.', 'https://cloudflare-ipfs.com/ipfs/Qmd3W5DuhgHirLHGVixi6V76LhCkZUz6pnFt5AJBiyvHye/avatar/560.jpg', '2023-07-08 08:15:14', '2023-07-08 08:15:14'),
(46, 146, 'Brayan', 'Simonis', '(924) 759-3749 x2495', 'Lockman Brooks', 'West Raven', 'Saint Lucia', 'Neque atque fuga facere suscipit repellat. Accusantium maxime architecto. Sequi itaque fugit doloribus voluptas asperiores necessitatibus dolore.', 'https://avatars.githubusercontent.com/u/91104654', '2023-07-08 08:15:14', '2023-07-08 08:15:14'),
(47, 147, 'Juliana', 'Gulgowski', '(705) 291-7002 x86712', 'Cole Ferry', 'Agnesshire', 'Vietnam', 'Possimus ducimus enim sint praesentium ut. Sit eos consequuntur incidunt officiis accusantium corporis. Dolor dolore ducimus.', 'https://avatars.githubusercontent.com/u/30707094', '2023-07-08 08:15:14', '2023-07-08 08:15:14'),
(48, 148, 'Frederique', 'Russel', '1-244-281-5079 x359', 'Eliseo Freeway', 'North Tellyside', 'Aland Islands', 'Nemo doloremque molestias inventore maiores atque. Sunt vitae dolorum quae totam porro. Recusandae odit sapiente.', 'https://avatars.githubusercontent.com/u/24003099', '2023-07-08 08:15:14', '2023-07-08 08:15:14'),
(49, 149, 'Virgil', 'Skiles', '(860) 391-5767 x869', 'Powlowski River', 'Delano', 'Bhutan', 'Animi qui voluptates. Distinctio adipisci atque debitis suscipit. Sed distinctio architecto eveniet nemo doloribus.', 'https://cloudflare-ipfs.com/ipfs/Qmd3W5DuhgHirLHGVixi6V76LhCkZUz6pnFt5AJBiyvHye/avatar/466.jpg', '2023-07-08 08:15:14', '2023-07-08 08:15:14'),
(50, 150, 'Kiana', 'Raynor', '558.749.9810 x2203', 'Jazmyne Harbors', 'Ogden', 'Micronesia', 'Quibusdam qui fugit nisi exercitationem inventore error. Amet quaerat possimus occaecati in accusamus quia. Odit quo odio temporibus ad dignissimos.', 'https://cloudflare-ipfs.com/ipfs/Qmd3W5DuhgHirLHGVixi6V76LhCkZUz6pnFt5AJBiyvHye/avatar/343.jpg', '2023-07-08 08:15:14', '2023-07-08 08:15:14'),
(51, 151, 'Elisa', 'Hansen', '565.890.7234 x51314', 'Lyric Tunnel', 'East Destiney', 'Bangladesh', 'Quae consequuntur temporibus distinctio ab expedita est. Ut iure illum minima natus fugit odit quis aspernatur. Mollitia repellat qui eos repellendus provident.', 'https://cloudflare-ipfs.com/ipfs/Qmd3W5DuhgHirLHGVixi6V76LhCkZUz6pnFt5AJBiyvHye/avatar/947.jpg', '2023-07-08 08:15:14', '2023-07-08 08:15:14'),
(52, 152, 'Lavonne', 'McClure', '(371) 547-8682 x2024', 'Okuneva Glen', 'South Clevetown', 'Congo', 'Sunt minima itaque aliquam. Numquam molestias omnis libero aliquam. Distinctio esse magnam quia cupiditate blanditiis quo officia facilis.', 'https://avatars.githubusercontent.com/u/33251250', '2023-07-08 08:15:14', '2023-07-08 08:15:14'),
(53, 153, 'Wendy', 'Block-Dietrich', '1-825-300-2354 x038', 'Kamron Curve', 'South Linnie', 'Eswatini', 'Eum natus consequuntur. Perferendis debitis aut quo eveniet ea id cum. Eum aliquid neque in dolore quis voluptatum voluptatibus soluta.', 'https://cloudflare-ipfs.com/ipfs/Qmd3W5DuhgHirLHGVixi6V76LhCkZUz6pnFt5AJBiyvHye/avatar/103.jpg', '2023-07-08 08:15:14', '2023-07-08 08:15:14'),
(54, 154, 'Aurelie', 'Spinka', '(342) 846-1567 x325', 'Carroll Courts', 'North Brittany', 'Kiribati', 'Eaque sint beatae animi magni. A sapiente exercitationem quis iste totam facere accusamus alias. Ducimus saepe consectetur laborum molestias reiciendis suscipit vel dolorem.', 'https://avatars.githubusercontent.com/u/90255095', '2023-07-08 08:15:14', '2023-07-08 08:15:14'),
(55, 155, 'Kelsi', 'Davis', '(978) 670-0801 x36509', 'Ashlynn River', 'Allenton', 'French Guiana', 'Hic tempora harum quibusdam illo impedit ex. Possimus neque ea. Ipsum accusamus ullam voluptates rem dolores.', 'https://cloudflare-ipfs.com/ipfs/Qmd3W5DuhgHirLHGVixi6V76LhCkZUz6pnFt5AJBiyvHye/avatar/505.jpg', '2023-07-08 08:15:14', '2023-07-08 08:15:14'),
(56, 156, 'Maximus', 'Mraz', '563-429-7253 x25184', 'Abshire Lane', 'Labadieworth', 'Trinidad and Tobago', 'Ratione fuga impedit exercitationem at hic non dolorum. Consectetur sint accusantium nostrum. Eligendi beatae et hic perferendis debitis nesciunt.', 'https://avatars.githubusercontent.com/u/52223167', '2023-07-08 08:15:14', '2023-07-08 08:15:14'),
(57, 157, 'Rey', 'Oberbrunner', '297-907-4868', 'Miller Pass', 'Lake Cameron', 'Switzerland', 'Provident quos quos nam suscipit. Ab reprehenderit unde ex saepe fugiat quae error pariatur. Consequuntur voluptatum sit accusantium perspiciatis blanditiis itaque.', 'https://cloudflare-ipfs.com/ipfs/Qmd3W5DuhgHirLHGVixi6V76LhCkZUz6pnFt5AJBiyvHye/avatar/185.jpg', '2023-07-08 08:15:14', '2023-07-08 08:15:14'),
(58, 158, 'Gennaro', 'Schaden', '1-328-565-6237 x0277', 'Melisa River', 'Edinburg', 'Myanmar', 'Doloremque repellendus quas accusamus voluptas eveniet omnis neque natus asperiores. Accusantium deleniti porro nam voluptas esse. In sunt alias deleniti ea.', 'https://cloudflare-ipfs.com/ipfs/Qmd3W5DuhgHirLHGVixi6V76LhCkZUz6pnFt5AJBiyvHye/avatar/382.jpg', '2023-07-08 08:15:14', '2023-07-08 08:15:14'),
(59, 159, 'Enrico', 'Schamberger', '1-355-524-2774 x4553', 'Lehner Crest', 'Rancho Cucamonga', 'Guam', 'Consectetur blanditiis assumenda. Veniam sequi alias dolorem incidunt doloribus nihil aut molestiae earum. Quasi accusantium minima veritatis incidunt fugit eveniet quis maiores.', 'https://cloudflare-ipfs.com/ipfs/Qmd3W5DuhgHirLHGVixi6V76LhCkZUz6pnFt5AJBiyvHye/avatar/675.jpg', '2023-07-08 08:15:14', '2023-07-08 08:15:14'),
(60, 160, 'Jane', 'Cruickshank-Lesch', '(914) 725-8510 x042', 'Nikolaus Fall', 'Spokane Valley', 'Kiribati', 'Atque sint adipisci omnis placeat reprehenderit non. Ut odit praesentium itaque quis maiores accusantium eligendi odit. Delectus at sequi modi provident ullam omnis eum saepe quos.', 'https://avatars.githubusercontent.com/u/79166869', '2023-07-08 08:15:14', '2023-07-08 08:15:14'),
(61, 161, 'Deonte', 'Lakin', '337.919.4881 x74035', 'Norwood Mews', 'Chino Hills', 'Senegal', 'Beatae natus blanditiis voluptatem id expedita veritatis sed. Nisi quo quia reiciendis ea. Ducimus quaerat voluptatem fugiat facere a praesentium laudantium.', 'https://avatars.githubusercontent.com/u/82342254', '2023-07-08 08:15:14', '2023-07-08 08:15:14'),
(62, 162, 'Lupe', 'Walsh', '1-662-580-2619 x09005', 'Champlin Fort', 'Lake Lenoreview', 'Wallis and Futuna', 'Eveniet laboriosam quam repellat accusantium architecto ab. Laboriosam excepturi iste similique repellendus necessitatibus alias suscipit excepturi neque. Minima similique voluptatem molestias excepturi reprehenderit quos.', 'https://cloudflare-ipfs.com/ipfs/Qmd3W5DuhgHirLHGVixi6V76LhCkZUz6pnFt5AJBiyvHye/avatar/1163.jpg', '2023-07-08 08:15:14', '2023-07-08 08:15:14'),
(63, 163, 'Chadd', 'Durgan', '900.537.1847 x1415', 'Trantow Lights', 'North Little Rock', 'Mayotte', 'Ipsum enim quam est. Dolorem accusantium ea molestias magni quas. Accusamus eligendi similique reprehenderit dignissimos.', 'https://avatars.githubusercontent.com/u/6014914', '2023-07-08 08:15:14', '2023-07-08 08:15:14'),
(64, 164, 'Morgan', 'Nader', '(853) 455-6534 x3318', 'MacGyver Viaduct', 'Port Ednaboro', 'Chad', 'Laborum a rem cumque voluptate nobis reprehenderit. Sequi molestias laborum eveniet saepe. Ut tempore omnis sapiente enim recusandae ducimus fugiat nobis exercitationem.', 'https://avatars.githubusercontent.com/u/67543317', '2023-07-08 08:15:14', '2023-07-08 08:15:14'),
(65, 165, 'Shakira', 'Gulgowski', '1-531-380-7214 x091', 'Reilly Corners', 'Hamilltown', 'Lebanon', 'Eaque aut voluptas dignissimos ratione consequatur illo. Numquam et asperiores repudiandae autem soluta eaque rerum nisi. Aliquid magni quo laboriosam.', 'https://cloudflare-ipfs.com/ipfs/Qmd3W5DuhgHirLHGVixi6V76LhCkZUz6pnFt5AJBiyvHye/avatar/903.jpg', '2023-07-08 08:15:14', '2023-07-08 08:15:14'),
(66, 166, 'Eloy', 'Gusikowski', '485.449.3540 x16172', 'Larue Forest', 'South Millerworth', 'Niger', 'Veniam accusantium atque quas labore ab nobis nostrum consequatur. Nam alias delectus quo occaecati voluptas minima facere. Fuga sed aspernatur dolores error at.', 'https://avatars.githubusercontent.com/u/65995046', '2023-07-08 08:15:14', '2023-07-08 08:15:14'),
(67, 167, 'Connor', 'Cremin', '799.937.6752 x483', 'Ward Shore', 'Costa Mesa', 'Mauritania', 'Aspernatur ipsa quaerat deserunt itaque voluptas voluptate unde. Asperiores aliquam maxime doloribus alias debitis consectetur ex occaecati. Distinctio laudantium quaerat soluta quam omnis hic dolore laudantium.', 'https://cloudflare-ipfs.com/ipfs/Qmd3W5DuhgHirLHGVixi6V76LhCkZUz6pnFt5AJBiyvHye/avatar/515.jpg', '2023-07-08 08:15:14', '2023-07-08 08:15:14'),
(68, 168, 'Gonzalo', 'Pollich', '996.525.4140 x9177', 'Buckridge Mount', 'New Keirastead', 'Trinidad and Tobago', 'Adipisci necessitatibus facere et magnam. Ipsam adipisci exercitationem doloribus quasi laboriosam nostrum quo dolorem. Saepe sed laudantium commodi laboriosam.', 'https://cloudflare-ipfs.com/ipfs/Qmd3W5DuhgHirLHGVixi6V76LhCkZUz6pnFt5AJBiyvHye/avatar/1172.jpg', '2023-07-08 08:15:14', '2023-07-08 08:15:14'),
(69, 169, 'Lavonne', 'Zboncak', '(313) 448-2232 x5073', 'Royal Roads', 'New Sheila', 'Netherlands', 'Natus perferendis alias mollitia nisi sint. Repellendus corporis enim porro. Voluptatum quos minus atque ea accusantium.', 'https://cloudflare-ipfs.com/ipfs/Qmd3W5DuhgHirLHGVixi6V76LhCkZUz6pnFt5AJBiyvHye/avatar/849.jpg', '2023-07-08 08:15:14', '2023-07-08 08:15:14'),
(70, 170, 'Joey', 'Mosciski', '1-577-981-5010', 'Lorena Lodge', 'North Easter', 'Jordan', 'Eos sint dicta fugit ullam aliquid illum. Sint maxime voluptatum sequi laborum magnam. Quod quia perferendis asperiores occaecati a assumenda cum nobis sit.', 'https://cloudflare-ipfs.com/ipfs/Qmd3W5DuhgHirLHGVixi6V76LhCkZUz6pnFt5AJBiyvHye/avatar/1225.jpg', '2023-07-08 08:15:14', '2023-07-08 08:15:14'),
(71, 171, 'Priscilla', 'Towne', '(446) 332-2615 x35004', 'Grimes Brooks', 'Bretfort', 'Taiwan', 'Ratione tenetur nobis quae. Consequatur magnam quos modi totam voluptatibus. At vel reiciendis natus.', 'https://cloudflare-ipfs.com/ipfs/Qmd3W5DuhgHirLHGVixi6V76LhCkZUz6pnFt5AJBiyvHye/avatar/1197.jpg', '2023-07-08 08:15:14', '2023-07-08 08:15:14'),
(72, 172, 'Aurelie', 'Mills', '927-205-6217 x301', 'Cormier Gardens', 'Bradyville', 'Martinique', 'Iste corporis ex soluta. Atque perspiciatis suscipit veritatis ipsum inventore eligendi eius magnam voluptatibus. Tempore quas ipsa sed neque laborum.', 'https://cloudflare-ipfs.com/ipfs/Qmd3W5DuhgHirLHGVixi6V76LhCkZUz6pnFt5AJBiyvHye/avatar/1072.jpg', '2023-07-08 08:15:14', '2023-07-08 08:15:14'),
(73, 173, 'Anthony', 'Bednar', '204-724-2394 x172', 'Barton Mill', 'Braulioburgh', 'Vanuatu', 'Repellat commodi voluptatem. Laudantium odio eligendi illo officia voluptate vitae maiores aperiam. Voluptatum perferendis quidem.', 'https://avatars.githubusercontent.com/u/76727152', '2023-07-08 08:15:14', '2023-07-08 08:15:14'),
(74, 174, 'Geovany', 'Champlin', '566-211-6338 x32177', 'Joaquin Throughway', 'Farmington Hills', 'Pitcairn Islands', 'Autem repellat omnis. Fuga quidem impedit neque provident illo quos suscipit non. Porro voluptatum facilis repellat tempore distinctio dolorum totam rem.', 'https://cloudflare-ipfs.com/ipfs/Qmd3W5DuhgHirLHGVixi6V76LhCkZUz6pnFt5AJBiyvHye/avatar/733.jpg', '2023-07-08 08:15:14', '2023-07-08 08:15:14'),
(75, 175, 'Ahmed', 'Skiles', '(354) 568-1011 x32305', 'Frami Oval', 'Lake Margrethaven', 'Ethiopia', 'Voluptatibus ut sed eveniet. Inventore debitis aspernatur eius earum. Vitae omnis labore temporibus.', 'https://avatars.githubusercontent.com/u/97948119', '2023-07-08 08:15:14', '2023-07-08 08:15:14'),
(76, 176, 'Elijah', 'Murray', '1-363-505-7616', 'Thiel Gateway', 'North Kelley', 'Vanuatu', 'Sit dolore ad ex sequi. Exercitationem possimus officiis animi neque repellat rerum neque occaecati. Aliquid illo veritatis dolorum a laborum.', 'https://cloudflare-ipfs.com/ipfs/Qmd3W5DuhgHirLHGVixi6V76LhCkZUz6pnFt5AJBiyvHye/avatar/112.jpg', '2023-07-08 08:15:14', '2023-07-08 08:15:14'),
(77, 177, 'Leta', 'Wolf', '752.600.3829', 'Miguel Avenue', 'West Malliefort', 'Isle of Man', 'Accusantium iure officia neque cumque aut voluptatem minima aut. Recusandae veritatis explicabo. Quia iste incidunt aut commodi alias sed reprehenderit iste.', 'https://avatars.githubusercontent.com/u/56068660', '2023-07-08 08:15:14', '2023-07-08 08:15:14'),
(78, 178, 'Brooklyn', 'Kutch', '(898) 561-9392 x06089', 'Langosh Shore', 'Jadaborough', 'Democratic Republic of the Congo', 'Impedit aut possimus quasi eius quasi eligendi cupiditate fuga. Excepturi animi perferendis aut. Molestiae perferendis magni ullam eum dicta blanditiis.', 'https://avatars.githubusercontent.com/u/87374363', '2023-07-08 08:15:14', '2023-07-08 08:15:14'),
(79, 179, 'Amiya', 'Casper', '217-702-7583', 'Joana Fork', 'Patiencetown', 'Tokelau', 'Ad deserunt corrupti magni quam necessitatibus. Error magni nesciunt cum sapiente quaerat soluta atque. Rerum alias incidunt eligendi cupiditate amet.', 'https://cloudflare-ipfs.com/ipfs/Qmd3W5DuhgHirLHGVixi6V76LhCkZUz6pnFt5AJBiyvHye/avatar/626.jpg', '2023-07-08 08:15:14', '2023-07-08 08:15:14'),
(80, 180, 'Isom', 'Mosciski', '(479) 881-8056', 'Kenny Bypass', 'O\'Harabury', 'Vanuatu', 'Veniam officiis id eum commodi minima. Rem quisquam numquam rerum possimus. Blanditiis odio placeat ut atque enim.', 'https://cloudflare-ipfs.com/ipfs/Qmd3W5DuhgHirLHGVixi6V76LhCkZUz6pnFt5AJBiyvHye/avatar/686.jpg', '2023-07-08 08:15:14', '2023-07-08 08:15:14'),
(81, 181, 'Elna', 'Lang', '704.479.6637 x72781', 'Williamson Mills', 'North Laverneborough', 'Jersey', 'Voluptatum blanditiis voluptate. Autem voluptates aliquam voluptas similique natus. Maxime enim veritatis rerum placeat labore voluptas.', 'https://cloudflare-ipfs.com/ipfs/Qmd3W5DuhgHirLHGVixi6V76LhCkZUz6pnFt5AJBiyvHye/avatar/415.jpg', '2023-07-08 08:15:14', '2023-07-08 08:15:14'),
(82, 182, 'Tatum', 'Veum', '587.322.0502', 'Morris Shoal', 'Runolfsdottircester', 'Bahrain', 'Cupiditate illum laudantium ex magnam delectus nesciunt nihil eius. Qui impedit reprehenderit et quos quia ipsam. Quaerat accusamus porro molestias aliquid quidem minus aliquam.', 'https://avatars.githubusercontent.com/u/80367525', '2023-07-08 08:15:14', '2023-07-08 08:15:14'),
(83, 183, 'Asa', 'Towne', '(505) 385-8631 x8478', 'Bert Land', 'Hillsboro', 'Solomon Islands', 'Tempore doloremque porro quisquam numquam ea accusantium dignissimos dicta natus. Temporibus quo animi harum nihil natus voluptatem. Esse quisquam dolore quae nisi.', 'https://cloudflare-ipfs.com/ipfs/Qmd3W5DuhgHirLHGVixi6V76LhCkZUz6pnFt5AJBiyvHye/avatar/634.jpg', '2023-07-08 08:15:14', '2023-07-08 08:15:14'),
(84, 184, 'Melvin', 'Fay', '205-610-8440 x9220', 'Larry Squares', 'Santa Cruz', 'Sint Maarten', 'Assumenda fugit magnam recusandae architecto ex recusandae hic voluptatem. Soluta saepe non quasi a similique aliquam expedita. Molestiae ipsa iusto.', 'https://avatars.githubusercontent.com/u/11851117', '2023-07-08 08:15:14', '2023-07-08 08:15:14'),
(85, 185, 'Luis', 'Carter', '1-578-469-9253 x84503', 'Stevie Road', 'Port Dejonborough', 'Bahrain', 'Veritatis quis reiciendis quis dolor earum similique reprehenderit. Id soluta eum fuga aliquid odio. Adipisci nihil nesciunt dicta ipsa aliquam deleniti fuga.', 'https://avatars.githubusercontent.com/u/5570844', '2023-07-08 08:15:14', '2023-07-08 08:15:14'),
(86, 186, 'Maurine', 'Ernser', '552.924.8589 x33595', 'King Avenue', 'Lansing', 'Guinea', 'Quaerat itaque aperiam temporibus repudiandae neque vero. Libero earum eligendi. Ducimus dolorem porro vitae cum enim recusandae.', 'https://avatars.githubusercontent.com/u/99857172', '2023-07-08 08:15:14', '2023-07-08 08:15:14'),
(87, 187, 'Cali', 'Medhurst', '622-634-1474 x5612', 'Blaise Knoll', 'Fort Marcelinostead', 'British Indian Ocean Territory (Chagos Archipelago)', 'Alias officia commodi a minima in reprehenderit commodi vel. Itaque tempore dolorum nemo consequatur quos. Quos facilis nobis doloribus vel ducimus.', 'https://cloudflare-ipfs.com/ipfs/Qmd3W5DuhgHirLHGVixi6V76LhCkZUz6pnFt5AJBiyvHye/avatar/165.jpg', '2023-07-08 08:15:14', '2023-07-08 08:15:14'),
(88, 188, 'Sebastian', 'Yundt', '505.257.7723 x8329', 'Mertz Canyon', 'North Aylin', 'French Guiana', 'At pariatur saepe a at mollitia eos. Impedit nostrum officia cupiditate. Ab quos deleniti fugiat molestias.', 'https://cloudflare-ipfs.com/ipfs/Qmd3W5DuhgHirLHGVixi6V76LhCkZUz6pnFt5AJBiyvHye/avatar/866.jpg', '2023-07-08 08:15:14', '2023-07-08 08:15:14'),
(89, 189, 'Wyatt', 'Weissnat-Sawayn', '911.847.6775 x32664', 'Von Mews', 'Edgarview', 'United States of America', 'Laborum sint itaque ea voluptate dolorum ad exercitationem mollitia quae. Doloribus in maxime odit. Similique eveniet praesentium accusamus reprehenderit quibusdam aspernatur necessitatibus provident.', 'https://cloudflare-ipfs.com/ipfs/Qmd3W5DuhgHirLHGVixi6V76LhCkZUz6pnFt5AJBiyvHye/avatar/568.jpg', '2023-07-08 08:15:14', '2023-07-08 08:15:14'),
(90, 190, 'Jameson', 'Stamm', '296-644-2829 x361', 'Clementina Creek', 'Hickleton', 'Kazakhstan', 'Assumenda similique corporis fugit corrupti rerum illum. Atque provident necessitatibus quod ratione. Explicabo facilis quos possimus odio aspernatur quis cumque voluptate.', 'https://cloudflare-ipfs.com/ipfs/Qmd3W5DuhgHirLHGVixi6V76LhCkZUz6pnFt5AJBiyvHye/avatar/1126.jpg', '2023-07-08 08:15:14', '2023-07-08 08:15:14'),
(91, 191, 'Vernon', 'Lueilwitz', '777-811-1571 x11752', 'Isaias Terrace', 'Brennanmouth', 'Paraguay', 'Excepturi commodi quia culpa praesentium accusantium nisi fugiat. Alias facere voluptate. Minus nulla fuga.', 'https://avatars.githubusercontent.com/u/50744138', '2023-07-08 08:15:14', '2023-07-08 08:15:14'),
(92, 192, 'Reva', 'Kihn', '(356) 208-0021', 'Tyrese Flat', 'South Whittier', 'Yemen', 'Corrupti repellat officiis sequi eaque itaque et. Dolor dicta velit libero accusamus in doloremque. Impedit recusandae temporibus.', 'https://avatars.githubusercontent.com/u/93470176', '2023-07-08 08:15:14', '2023-07-08 08:15:14'),
(93, 193, 'Burnice', 'Kub-Fahey', '1-342-825-3448', 'Hermann Brooks', 'Port Arthur', 'Pakistan', 'Voluptas neque repellendus. Vel doloremque molestiae nisi odit quasi odit voluptas. Est veniam ducimus officia eligendi omnis odit necessitatibus.', 'https://avatars.githubusercontent.com/u/47029029', '2023-07-08 08:15:14', '2023-07-08 08:15:14'),
(94, 194, 'Rodrick', 'Green', '1-751-906-4512', 'Davis Corners', 'Marcellusborough', 'Saint Martin', 'Quam delectus aperiam iusto impedit. Numquam in laudantium. Consectetur perspiciatis ipsa alias rerum est rem ipsum quasi minus.', 'https://cloudflare-ipfs.com/ipfs/Qmd3W5DuhgHirLHGVixi6V76LhCkZUz6pnFt5AJBiyvHye/avatar/611.jpg', '2023-07-08 08:15:14', '2023-07-08 08:15:14'),
(95, 195, 'Murray', 'Torphy', '(793) 533-9584 x3454', 'Conn Rue', 'Port Chaddfurt', 'Australia', 'Quibusdam architecto qui dolorem eveniet incidunt nisi adipisci quidem consectetur. Dolorum dolores magnam laudantium aspernatur. Error eveniet aliquam reprehenderit consequatur non.', 'https://cloudflare-ipfs.com/ipfs/Qmd3W5DuhgHirLHGVixi6V76LhCkZUz6pnFt5AJBiyvHye/avatar/1.jpg', '2023-07-08 08:15:14', '2023-07-08 08:15:14'),
(96, 196, 'Nicholaus', 'Wiegand', '(300) 701-2018 x2625', 'Blanda Pine', 'Stoltenbergboro', 'Belarus', 'Explicabo voluptatum ex ea. Quam ipsa voluptas molestiae consequatur nam commodi. Aliquam rem hic ipsum in.', 'https://avatars.githubusercontent.com/u/14686818', '2023-07-08 08:15:14', '2023-07-08 08:15:14'),
(97, 197, 'Elouise', 'Rowe', '271.738.6849 x99430', 'Estevan Port', 'North Lewton', 'Iceland', 'Laudantium eveniet excepturi odit dicta praesentium blanditiis voluptas. Sequi quidem quo pariatur corporis distinctio ipsam quod sint. Sed nam totam temporibus.', 'https://cloudflare-ipfs.com/ipfs/Qmd3W5DuhgHirLHGVixi6V76LhCkZUz6pnFt5AJBiyvHye/avatar/4.jpg', '2023-07-08 08:15:14', '2023-07-08 08:15:14'),
(98, 198, 'Glen', 'Erdman', '517-852-6988 x804', 'Lucienne Flats', 'Cedar Rapids', 'Tunisia', 'Fuga quaerat sapiente quaerat quasi placeat pariatur libero maiores recusandae. Similique laudantium voluptates aliquid. Consectetur tempora natus quasi aperiam.', 'https://avatars.githubusercontent.com/u/59258039', '2023-07-08 08:15:14', '2023-07-08 08:15:14'),
(99, 199, 'Seth', 'Reinger', '1-392-575-4006 x0297', 'Langworth Extension', 'Runolfsdottirfurt', 'United Kingdom', 'Voluptatum porro voluptatem sapiente sint doloribus beatae repellat. Optio quam sed debitis odit reiciendis repellat beatae officia. Nam corrupti praesentium eaque cum.', 'https://cloudflare-ipfs.com/ipfs/Qmd3W5DuhgHirLHGVixi6V76LhCkZUz6pnFt5AJBiyvHye/avatar/1224.jpg', '2023-07-08 08:15:14', '2023-07-08 08:15:14'),
(100, 200, 'Elna', 'Wilderman', '931-841-8913', 'Hansen Trail', 'Bransonview', 'Myanmar', 'Magnam officiis non. Officiis odio pariatur exercitationem praesentium facere pariatur. Reprehenderit praesentium adipisci sequi aperiam.', 'https://cloudflare-ipfs.com/ipfs/Qmd3W5DuhgHirLHGVixi6V76LhCkZUz6pnFt5AJBiyvHye/avatar/572.jpg', '2023-07-08 08:15:14', '2023-07-08 08:15:14'),
(101, 0, '123123', '123123', '123123', '123123', '123123', '123123', '123123', 'https://res.cloudinary.com/subarasuy/image/upload/v1688937579/kqcuhk5cxsmt7fjgz5sj.png', '2023-07-09 21:20:55', '2023-07-09 21:20:55'),
(102, 0, '123', '123', '123', '123', '123', '123', '123', 'https://res.cloudinary.com/subarasuy/image/upload/v1688937726/ghfjvr0bk8gztvgw9bao.png', '2023-07-09 21:22:09', '2023-07-09 21:22:09'),
(103, 0, '123', '123', '123', '123', '123', '123', '123', 'https://res.cloudinary.com/subarasuy/image/upload/v1688937726/ghfjvr0bk8gztvgw9bao.png', '2023-07-09 21:22:53', '2023-07-09 21:22:53'),
(104, 0, '123', '123', '123', '123', '123', '123', '123', 'https://res.cloudinary.com/subarasuy/image/upload/v1688937726/ghfjvr0bk8gztvgw9bao.png', '2023-07-09 21:25:54', '2023-07-09 21:25:54'),
(105, 0, '123', '123', '123', '123', '123', '123', '123', 'https://res.cloudinary.com/subarasuy/image/upload/v1688937726/ghfjvr0bk8gztvgw9bao.png', '2023-07-09 21:25:57', '2023-07-09 21:25:57'),
(106, 202, '123', '123', '123dsfsdf', '123fgfgh', '123', '123', '123', 'https://res.cloudinary.com/subarasuy/image/upload/v1688937726/ghfjvr0bk8gztvgw9bao.png', '2023-07-09 21:26:53', '2023-07-09 21:27:57');

--
-- Indexes for dumped tables
--

--
-- Indexes for table `booking`
--
ALTER TABLE `booking`
  ADD PRIMARY KEY (`id`);

--
-- Indexes for table `language`
--
ALTER TABLE `language`
  ADD PRIMARY KEY (`id`);

--
-- Indexes for table `maid_language`
--
ALTER TABLE `maid_language`
  ADD PRIMARY KEY (`id`);

--
-- Indexes for table `maid_profile`
--
ALTER TABLE `maid_profile`
  ADD PRIMARY KEY (`id`);

--
-- Indexes for table `report`
--
ALTER TABLE `report`
  ADD PRIMARY KEY (`id`);

--
-- Indexes for table `review`
--
ALTER TABLE `review`
  ADD PRIMARY KEY (`id`);

--
-- Indexes for table `review_agreement`
--
ALTER TABLE `review_agreement`
  ADD PRIMARY KEY (`id`);

--
-- Indexes for table `sequelizemeta`
--
ALTER TABLE `sequelizemeta`
  ADD PRIMARY KEY (`name`),
  ADD UNIQUE KEY `name` (`name`);

--
-- Indexes for table `user`
--
ALTER TABLE `user`
  ADD PRIMARY KEY (`id`);

--
-- Indexes for table `user_profile`
--
ALTER TABLE `user_profile`
  ADD PRIMARY KEY (`id`);

--
-- AUTO_INCREMENT for dumped tables
--

--
-- AUTO_INCREMENT for table `booking`
--
ALTER TABLE `booking`
  MODIFY `id` int(11) NOT NULL AUTO_INCREMENT, AUTO_INCREMENT=34;

--
-- AUTO_INCREMENT for table `language`
--
ALTER TABLE `language`
  MODIFY `id` int(11) NOT NULL AUTO_INCREMENT, AUTO_INCREMENT=9;

--
-- AUTO_INCREMENT for table `maid_language`
--
ALTER TABLE `maid_language`
  MODIFY `id` int(11) NOT NULL AUTO_INCREMENT, AUTO_INCREMENT=114;

--
-- AUTO_INCREMENT for table `maid_profile`
--
ALTER TABLE `maid_profile`
  MODIFY `id` int(11) NOT NULL AUTO_INCREMENT, AUTO_INCREMENT=104;

--
-- AUTO_INCREMENT for table `report`
--
ALTER TABLE `report`
  MODIFY `id` int(11) NOT NULL AUTO_INCREMENT;

--
-- AUTO_INCREMENT for table `review`
--
ALTER TABLE `review`
  MODIFY `id` int(11) NOT NULL AUTO_INCREMENT, AUTO_INCREMENT=125;

--
-- AUTO_INCREMENT for table `review_agreement`
--
ALTER TABLE `review_agreement`
  MODIFY `id` int(11) NOT NULL AUTO_INCREMENT;

--
-- AUTO_INCREMENT for table `user`
--
ALTER TABLE `user`
  MODIFY `id` int(11) NOT NULL AUTO_INCREMENT, AUTO_INCREMENT=205;

--
-- AUTO_INCREMENT for table `user_profile`
--
ALTER TABLE `user_profile`
  MODIFY `id` int(11) NOT NULL AUTO_INCREMENT, AUTO_INCREMENT=107;
COMMIT;

/*!40101 SET CHARACTER_SET_CLIENT=@OLD_CHARACTER_SET_CLIENT */;
/*!40101 SET CHARACTER_SET_RESULTS=@OLD_CHARACTER_SET_RESULTS */;
/*!40101 SET COLLATION_CONNECTION=@OLD_COLLATION_CONNECTION */;
